environment_id,screen_time_hours,financial_stress_score,Internet_Quality_Score
E-100011,1,7,3
E-100050,1.1,7,3
E-100076,1.2,7,3
E-100099,1.3,7,3
E-100127,1.4,7,3
E-100161,1.5,7,3
E-100188,1.6,7,3
E-100221,1.7,7,3
E-100246,1.8,7,3
E-100291,1.9,7,3
E-100313,2,7,3
E-100346,2.1,7,3
E-100377,2.2,7,3
E-100409,2.3,7,3
E-100435,2.4,7,3
E-100462,2.5,7,3
E-100494,2.6,7,3
E-100540,2.7,7,3
E-100547,2.8,7,3
E-100600,2.9,7,3
E-100624,3,7,3
E-100638,3.1,7,3
E-100680,3.2,7,3
E-100717,3.3,7,3
E-100724,3.4,7,3
E-100774,3.5,7,3
E-100797,3.6,7,3
E-100840,3.7,7,3
E-100860,3.8,7,3
E-100871,3.9,7,3
E-100926,4,7,3
E-100937,4.1,7,3
E-100965,4.2,7,3
E-101002,4.3,7,3
E-101044,4.4,7,3
E-101063,4.5,7,3
E-101097,4.6,7,3
E-101119,4.7,7,3
E-101164,4.8,7,3
E-101197,4.9,7,3
E-101208,5,7,3
E-101258,5.1,7,3
E-101285,5.2,7,3
E-101295,5.3,7,3
E-101329,5.4,7,3
E-101362,5.5,7,3
E-101388,5.6,7,3
E-101422,5.7,7,3
E-101445,5.8,7,3
E-101492,5.9,7,3
E-101526,6,7,3
E-101551,6.1,7,3
E-101578,6.2,7,3
E-101607,6.3,7,3
E-101622,6.4,7,3
E-101675,6.5,7,3
E-101707,6.6,7,3
E-101719,6.7,7,3
E-101748,6.8,7,3
E-101786,6.9,7,3
E-101830,7,7,3
E-101833,7.1,7,3
E-101862,7.2,7,3
E-101909,7.3,7,3
E-101930,7.4,7,3
E-101962,7.5,7,3
E-101988,7.6,7,3
E-102018,7.7,7,3
E-102063,7.8,7,3
E-102098,7.9,7,3
E-102103,8,7,3
E-102142,8.1,7,3
E-102182,8.2,7,3
E-102216,8.3,7,3
E-102223,8.4,7,3
E-102255,8.5,7,3
E-102292,8.6,7,3
E-102320,8.7,7,3
E-102341,8.8,7,3
E-102391,8.9,7,3
E-102407,9,7,3
E-102447,9.1,7,3
E-102470,9.2,7,3
E-102506,9.3,7,3
E-102543,9.4,7,3
E-102575,9.5,7,3
E-102606,9.6,7,3
E-102617,9.7,7,3
E-102665,9.8,7,3
E-102679,9.9,7,3
E-102720,10,7,3
E-102732,10.1,7,3
E-102773,10.2,7,3
E-102803,10.3,7,3
E-102829,10.4,7,3
E-102854,10.5,7,3
E-102905,10.6,7,3
E-102914,10.7,7,3
E-102942,10.8,7,3
E-102975,10.9,7,3
E-103019,11,7,3
E-103033,11.1,7,3
E-103086,11.2,7,3
E-103112,11.3,7,3
E-103134,11.4,7,3
E-103162,11.5,7,3
E-103189,11.6,7,3
E-103226,11.7,7,3
E-103270,11.8,7,3
E-103275,11.9,7,3
E-103305,12,7,3
E-100025,1,8,3
E-100055,1.1,8,3
E-100070,1.2,8,3
E-100102,1.3,8,3
E-100150,1.4,8,3
E-100151,1.5,8,3
E-100187,1.6,8,3
E-100224,1.7,8,3
E-100241,1.8,8,3
E-100290,1.9,8,3
E-100323,2,8,3
E-100357,2.1,8,3
E-100376,2.2,8,3
E-100412,2.3,8,3
E-100429,2.4,8,3
E-100451,2.5,8,3
E-100505,2.6,8,3
E-100521,2.7,8,3
E-100543,2.8,8,3
E-100586,2.9,8,3
E-100604,3,8,3
E-100650,3.1,8,3
E-100674,3.2,8,3
E-100705,3.3,8,3
E-100743,3.4,8,3
E-100771,3.5,8,3
E-100788,3.6,8,3
E-100826,3.7,8,3
E-100865,3.8,8,3
E-100878,3.9,8,3
E-100911,4,8,3
E-100943,4.1,8,3
E-100985,4.2,8,3
E-100991,4.3,8,3
E-101045,4.4,8,3
E-101072,4.5,8,3
E-101094,4.6,8,3
E-101118,4.7,8,3
E-101167,4.8,8,3
E-101178,4.9,8,3
E-101209,5,8,3
E-101260,5.1,8,3
E-101261,5.2,8,3
E-101298,5.3,8,3
E-101336,5.4,8,3
E-101376,5.5,8,3
E-101381,5.6,8,3
E-101433,5.7,8,3
E-101464,5.8,8,3
E-101491,5.9,8,3
E-101507,6,8,3
E-101559,6.1,8,3
E-101566,6.2,8,3
E-101613,6.3,8,3
E-101641,6.4,8,3
E-101653,6.5,8,3
E-101692,6.6,8,3
E-101726,6.7,8,3
E-101741,6.8,8,3
E-101790,6.9,8,3
E-101815,7,8,3
E-101831,7.1,8,3
E-101889,7.2,8,3
E-101902,7.3,8,3
E-101933,7.4,8,3
E-101961,7.5,8,3
E-102004,7.6,8,3
E-102028,7.7,8,3
E-102049,7.8,8,3
E-102076,7.9,8,3
E-102125,8,8,3
E-102147,8.1,8,3
E-102167,8.2,8,3
E-102202,8.3,8,3
E-102226,8.4,8,3
E-102276,8.5,8,3
E-102304,8.6,8,3
E-102340,8.7,8,3
E-102369,8.8,8,3
E-102380,8.9,8,3
E-102406,9,8,3
E-102451,9.1,8,3
E-102487,9.2,8,3
E-102498,9.3,8,3
E-102527,9.4,8,3
E-102556,9.5,8,3
E-102605,9.6,8,3
E-102627,9.7,8,3
E-102666,9.8,8,3
E-102683,9.9,8,3
E-102716,10,8,3
E-102733,10.1,8,3
E-102789,10.2,8,3
E-102794,10.3,8,3
E-102824,10.4,8,3
E-102878,10.5,8,3
E-102904,10.6,8,3
E-102916,10.7,8,3
E-102962,10.8,8,3
E-102985,10.9,8,3
E-103003,11,8,3
E-103055,11.1,8,3
E-103063,11.2,8,3
E-103120,11.3,8,3
E-103138,11.4,8,3
E-103161,11.5,8,3
E-103193,11.6,8,3
E-103223,11.7,8,3
E-103247,11.8,8,3
E-103272,11.9,8,3
E-103306,12,8,3
E-100006,1,3,3
E-100047,1.1,3,3
E-100083,1.2,3,3
E-100105,1.3,3,3
E-100144,1.4,3,3
E-100155,1.5,3,3
E-100191,1.6,3,3
E-100227,1.7,3,3
E-100263,1.8,3,3
E-100272,1.9,3,3
E-100326,2,3,3
E-100336,2.1,3,3
E-100368,2.2,3,3
E-100405,2.3,3,3
E-100432,2.4,3,3
E-100465,2.5,3,3
E-100481,2.6,3,3
E-100528,2.7,3,3
E-100566,2.8,3,3
E-100595,2.9,3,3
E-100615,3,3,3
E-100648,3.1,3,3
E-100666,3.2,3,3
E-100691,3.3,3,3
E-100735,3.4,3,3
E-100778,3.5,3,3
E-100801,3.6,3,3
E-100816,3.7,3,3
E-100848,3.8,3,3
E-100882,3.9,3,3
E-100915,4,3,3
E-100942,4.1,3,3
E-100973,4.2,3,3
E-100994,4.3,3,3
E-101028,4.4,3,3
E-101053,4.5,3,3
E-101096,4.6,3,3
E-101129,4.7,3,3
E-101155,4.8,3,3
E-101180,4.9,3,3
E-101227,5,3,3
E-101259,5.1,3,3
E-101264,5.2,3,3
E-101300,5.3,3,3
E-101327,5.4,3,3
E-101371,5.5,3,3
E-101397,5.6,3,3
E-101429,5.7,3,3
E-101446,5.8,3,3
E-101498,5.9,3,3
E-101504,6,3,3
E-101533,6.1,3,3
E-101567,6.2,3,3
E-101601,6.3,3,3
E-101649,6.4,3,3
E-101661,6.5,3,3
E-101696,6.6,3,3
E-101720,6.7,3,3
E-101758,6.8,3,3
E-101771,6.9,3,3
E-101825,7,3,3
E-101852,7.1,3,3
E-101884,7.2,3,3
E-101895,7.3,3,3
E-101939,7.4,3,3
E-101963,7.5,3,3
E-101998,7.6,3,3
E-102034,7.7,3,3
E-102056,7.8,3,3
E-102072,7.9,3,3
E-102128,8,3,3
E-102134,8.1,3,3
E-102161,8.2,3,3
E-102197,8.3,3,3
E-102250,8.4,3,3
E-102264,8.5,3,3
E-102306,8.6,3,3
E-102311,8.7,3,3
E-102363,8.8,3,3
E-102382,8.9,3,3
E-102411,9,3,3
E-102460,9.1,3,3
E-102479,9.2,3,3
E-102520,9.3,3,3
E-102540,9.4,3,3
E-102569,9.5,3,3
E-102604,9.6,3,3
E-102616,9.7,3,3
E-102669,9.8,3,3
E-102684,9.9,3,3
E-102713,10,3,3
E-102737,10.1,3,3
E-102779,10.2,3,3
E-102799,10.3,3,3
E-102826,10.4,3,3
E-102875,10.5,3,3
E-102897,10.6,3,3
E-102917,10.7,3,3
E-102953,10.8,3,3
E-102992,10.9,3,3
E-103025,11,3,3
E-103059,11.1,3,3
E-103090,11.2,3,3
E-103111,11.3,3,3
E-103141,11.4,3,3
E-103173,11.5,3,3
E-103201,11.6,3,3
E-103238,11.7,3,3
E-103259,11.8,3,3
E-103276,11.9,3,3
E-103312,12,3,3
E-100005,1,10,3
E-100042,1.1,10,3
E-100088,1.2,10,3
E-100093,1.3,10,3
E-100148,1.4,10,3
E-100175,1.5,10,3
E-100197,1.6,10,3
E-100228,1.7,10,3
E-100244,1.8,10,3
E-100281,1.9,10,3
E-100301,2,10,3
E-100331,2.1,10,3
E-100379,2.2,10,3
E-100410,2.3,10,3
E-100425,2.4,10,3
E-100457,2.5,10,3
E-100488,2.6,10,3
E-100536,2.7,10,3
E-100568,2.8,10,3
E-100584,2.9,10,3
E-100622,3,10,3
E-100652,3.1,10,3
E-100670,3.2,10,3
E-100710,3.3,10,3
E-100739,3.4,10,3
E-100752,3.5,10,3
E-100781,3.6,10,3
E-100830,3.7,10,3
E-100850,3.8,10,3
E-100893,3.9,10,3
E-100928,4,10,3
E-100954,4.1,10,3
E-100987,4.2,10,3
E-101003,4.3,10,3
E-101023,4.4,10,3
E-101059,4.5,10,3
E-101099,4.6,10,3
E-101125,4.7,10,3
E-101162,4.8,10,3
E-101183,4.9,10,3
E-101217,5,10,3
E-101234,5.1,10,3
E-101281,5.2,10,3
E-101313,5.3,10,3
E-101324,5.4,10,3
E-101369,5.5,10,3
E-101408,5.6,10,3
E-101439,5.7,10,3
E-101470,5.8,10,3
E-101484,5.9,10,3
E-101527,6,10,3
E-101536,6.1,10,3
E-101580,6.2,10,3
E-101597,6.3,10,3
E-101648,6.4,10,3
E-101677,6.5,10,3
E-101685,6.6,10,3
E-101724,6.7,10,3
E-101746,6.8,10,3
E-101781,6.9,10,3
E-101805,7,10,3
E-101843,7.1,10,3
E-101864,7.2,10,3
E-101897,7.3,10,3
E-101935,7.4,10,3
E-101975,7.5,10,3
E-101987,7.6,10,3
E-102014,7.7,10,3
E-102062,7.8,10,3
E-102090,7.9,10,3
E-102129,8,10,3
E-102150,8.1,10,3
E-102170,8.2,10,3
E-102195,8.3,10,3
E-102229,8.4,10,3
E-102253,8.5,10,3
E-102310,8.6,10,3
E-102323,8.7,10,3
E-102342,8.8,10,3
E-102376,8.9,10,3
E-102414,9,10,3
E-102450,9.1,10,3
E-102478,9.2,10,3
E-102502,9.3,10,3
E-102530,9.4,10,3
E-102570,9.5,10,3
E-102593,9.6,10,3
E-102619,9.7,10,3
E-102643,9.8,10,3
E-102696,9.9,10,3
E-102710,10,10,3
E-102753,10.1,10,3
E-102772,10.2,10,3
E-102809,10.3,10,3
E-102849,10.4,10,3
E-102867,10.5,10,3
E-102883,10.6,10,3
E-102922,10.7,10,3
E-102969,10.8,10,3
E-102983,10.9,10,3
E-103023,11,10,3
E-103044,11.1,10,3
E-103079,11.2,10,3
E-103098,11.3,10,3
E-103125,11.4,10,3
E-103164,11.5,10,3
E-103200,11.6,10,3
E-103212,11.7,10,3
E-103265,11.8,10,3
E-103286,11.9,10,3
E-103316,12,10,3
E-100015,1,6,3
E-100036,1.1,6,3
E-100082,1.2,6,3
E-100120,1.3,6,3
E-100133,1.4,6,3
E-100179,1.5,6,3
E-100201,1.6,6,3
E-100231,1.7,6,3
E-100248,1.8,6,3
E-100274,1.9,6,3
E-100302,2,6,3
E-100349,2.1,6,3
E-100364,2.2,6,3
E-100411,2.3,6,3
E-100436,2.4,6,3
E-100472,2.5,6,3
E-100492,2.6,6,3
E-100519,2.7,6,3
E-100553,2.8,6,3
E-100592,2.9,6,3
E-100609,3,6,3
E-100636,3.1,6,3
E-100662,3.2,6,3
E-100692,3.3,6,3
E-100746,3.4,6,3
E-100758,3.5,6,3
E-100800,3.6,6,3
E-100811,3.7,6,3
E-100841,3.8,6,3
E-100888,3.9,6,3
E-100924,4,6,3
E-100948,4.1,6,3
E-100983,4.2,6,3
E-101013,4.3,6,3
E-101039,4.4,6,3
E-101065,4.5,6,3
E-101087,4.6,6,3
E-101131,4.7,6,3
E-101156,4.8,6,3
E-101181,4.9,6,3
E-101220,5,6,3
E-101255,5.1,6,3
E-101272,5.2,6,3
E-101297,5.3,6,3
E-101350,5.4,6,3
E-101373,5.5,6,3
E-101385,5.6,6,3
E-101419,5.7,6,3
E-101449,5.8,6,3
E-101481,5.9,6,3
E-101505,6,6,3
E-101532,6.1,6,3
E-101570,6.2,6,3
E-101615,6.3,6,3
E-101628,6.4,6,3
E-101667,6.5,6,3
E-101684,6.6,6,3
E-101738,6.7,6,3
E-101756,6.8,6,3
E-101774,6.9,6,3
E-101809,7,6,3
E-101847,7.1,6,3
E-101885,7.2,6,3
E-101917,7.3,6,3
E-101940,7.4,6,3
E-101966,7.5,6,3
E-102002,7.6,6,3
E-102030,7.7,6,3
E-102057,7.8,6,3
E-102079,7.9,6,3
E-102102,8,6,3
E-102154,8.1,6,3
E-102181,8.2,6,3
E-102208,8.3,6,3
E-102237,8.4,6,3
E-102254,8.5,6,3
E-102297,8.6,6,3
E-102312,8.7,6,3
E-102347,8.8,6,3
E-102394,8.9,6,3
E-102410,9,6,3
E-102434,9.1,6,3
E-102489,9.2,6,3
E-102509,9.3,6,3
E-102532,9.4,6,3
E-102562,9.5,6,3
E-102595,9.6,6,3
E-102635,9.7,6,3
E-102652,9.8,6,3
E-102677,9.9,6,3
E-102709,10,6,3
E-102735,10.1,6,3
E-102769,10.2,6,3
E-102811,10.3,6,3
E-102838,10.4,6,3
E-102872,10.5,6,3
E-102908,10.6,6,3
E-102940,10.7,6,3
E-102943,10.8,6,3
E-102977,10.9,6,3
E-103007,11,6,3
E-103047,11.1,6,3
E-103078,11.2,6,3
E-103109,11.3,6,3
E-103132,11.4,6,3
E-103172,11.5,6,3
E-103194,11.6,6,3
E-103219,11.7,6,3
E-103254,11.8,6,3
E-103290,11.9,6,3
E-103320,12,6,3
E-100027,1,1,3
E-100058,1.1,1,3
E-100071,1.2,1,3
E-100111,1.3,1,3
E-100121,1.4,1,3
E-100157,1.5,1,3
E-100202,1.6,1,3
E-100240,1.7,1,3
E-100257,1.8,1,3
E-100271,1.9,1,3
E-100319,2,1,3
E-100337,2.1,1,3
E-100383,2.2,1,3
E-100401,2.3,1,3
E-100428,2.4,1,3
E-100476,2.5,1,3
E-100500,2.6,1,3
E-100523,2.7,1,3
E-100565,2.8,1,3
E-100594,2.9,1,3
E-100623,3,1,3
E-100641,3.1,1,3
E-100665,3.2,1,3
E-100706,3.3,1,3
E-100730,3.4,1,3
E-100761,3.5,1,3
E-100791,3.6,1,3
E-100828,3.7,1,3
E-100847,3.8,1,3
E-100894,3.9,1,3
E-100909,4,1,3
E-100953,4.1,1,3
E-100967,4.2,1,3
E-101010,4.3,1,3
E-101042,4.4,1,3
E-101067,4.5,1,3
E-101089,4.6,1,3
E-101134,4.7,1,3
E-101166,4.8,1,3
E-101196,4.9,1,3
E-101216,5,1,3
E-101244,5.1,1,3
E-101277,5.2,1,3
E-101294,5.3,1,3
E-101326,5.4,1,3
E-101378,5.5,1,3
E-101410,5.6,1,3
E-101436,5.7,1,3
E-101469,5.8,1,3
E-101478,5.9,1,3
E-101523,6,1,3
E-101538,6.1,1,3
E-101585,6.2,1,3
E-101609,6.3,1,3
E-101629,6.4,1,3
E-101652,6.5,1,3
E-101683,6.6,1,3
E-101727,6.7,1,3
E-101769,6.8,1,3
E-101784,6.9,1,3
E-101803,7,1,3
E-101846,7.1,1,3
E-101868,7.2,1,3
E-101891,7.3,1,3
E-101947,7.4,1,3
E-101960,7.5,1,3
E-101991,7.6,1,3
E-102035,7.7,1,3
E-102050,7.8,1,3
E-102082,7.9,1,3
E-102122,8,1,3
E-102156,8.1,1,3
E-102186,8.2,1,3
E-102212,8.3,1,3
E-102247,8.4,1,3
E-102256,8.5,1,3
E-102308,8.6,1,3
E-102327,8.7,1,3
E-102362,8.8,1,3
E-102383,8.9,1,3
E-102420,9,1,3
E-102440,9.1,1,3
E-102488,9.2,1,3
E-102514,9.3,1,3
E-102550,9.4,1,3
E-102574,9.5,1,3
E-102597,9.6,1,3
E-102632,9.7,1,3
E-102668,9.8,1,3
E-102678,9.9,1,3
E-102714,10,1,3
E-102748,10.1,1,3
E-102784,10.2,1,3
E-102796,10.3,1,3
E-102848,10.4,1,3
E-102853,10.5,1,3
E-102882,10.6,1,3
E-102927,10.7,1,3
E-102944,10.8,1,3
E-102976,10.9,1,3
E-103028,11,1,3
E-103057,11.1,1,3
E-103088,11.2,1,3
E-103107,11.3,1,3
E-103142,11.4,1,3
E-103170,11.5,1,3
E-103208,11.6,1,3
E-103217,11.7,1,3
E-103251,11.8,1,3
E-103273,11.9,1,3
E-103321,12,1,3
E-100012,1,4,3
E-100041,1.1,4,3
E-100090,1.2,4,3
E-100117,1.3,4,3
E-100126,1.4,4,3
E-100167,1.5,4,3
E-100193,1.6,4,3
E-100237,1.7,4,3
E-100247,1.8,4,3
E-100284,1.9,4,3
E-100311,2,4,3
E-100345,2.1,4,3
E-100363,2.2,4,3
E-100402,2.3,4,3
E-100433,2.4,4,3
E-100454,2.5,4,3
E-100504,2.6,4,3
E-100535,2.7,4,3
E-100558,2.8,4,3
E-100598,2.9,4,3
E-100621,3,4,3
E-100645,3.1,4,3
E-100681,3.2,4,3
E-100713,3.3,4,3
E-100738,3.4,4,3
E-100755,3.5,4,3
E-100783,3.6,4,3
E-100825,3.7,4,3
E-100853,3.8,4,3
E-100897,3.9,4,3
E-100918,4,4,3
E-100940,4.1,4,3
E-100962,4.2,4,3
E-100997,4.3,4,3
E-101022,4.4,4,3
E-101071,4.5,4,3
E-101098,4.6,4,3
E-101126,4.7,4,3
E-101169,4.8,4,3
E-101195,4.9,4,3
E-101213,5,4,3
E-101248,5.1,4,3
E-101273,5.2,4,3
E-101312,5.3,4,3
E-101342,5.4,4,3
E-101355,5.5,4,3
E-101391,5.6,4,3
E-101415,5.7,4,3
E-101458,5.8,4,3
E-101475,5.9,4,3
E-101529,6,4,3
E-101541,6.1,4,3
E-101574,6.2,4,3
E-101600,6.3,4,3
E-101639,6.4,4,3
E-101670,6.5,4,3
E-101687,6.6,4,3
E-101713,6.7,4,3
E-101761,6.8,4,3
E-101782,6.9,4,3
E-101804,7,4,3
E-101850,7.1,4,3
E-101875,7.2,4,3
E-101906,7.3,4,3
E-101927,7.4,4,3
E-101976,7.5,4,3
E-101986,7.6,4,3
E-102029,7.7,4,3
E-102047,7.8,4,3
E-102077,7.9,4,3
E-102124,8,4,3
E-102135,8.1,4,3
E-102173,8.2,4,3
E-102211,8.3,4,3
E-102242,8.4,4,3
E-102279,8.5,4,3
E-102283,8.6,4,3
E-102313,8.7,4,3
E-102356,8.8,4,3
E-102387,8.9,4,3
E-102429,9,4,3
E-102449,9.1,4,3
E-102461,9.2,4,3
E-102511,9.3,4,3
E-102549,9.4,4,3
E-102572,9.5,4,3
E-102587,9.6,4,3
E-102634,9.7,4,3
E-102641,9.8,4,3
E-102685,9.9,4,3
E-102717,10,4,3
E-102734,10.1,4,3
E-102765,10.2,4,3
E-102810,10.3,4,3
E-102835,10.4,4,3
E-102870,10.5,4,3
E-102895,10.6,4,3
E-102915,10.7,4,3
E-102947,10.8,4,3
E-102988,10.9,4,3
E-103012,11,4,3
E-103035,11.1,4,3
E-103071,11.2,4,3
E-103103,11.3,4,3
E-103148,11.4,4,3
E-103171,11.5,4,3
E-103195,11.6,4,3
E-103234,11.7,4,3
E-103264,11.8,4,3
E-103289,11.9,4,3
E-103323,12,4,3
E-100008,1,2,3
E-100037,1.1,2,3
E-100063,1.2,2,3
E-100092,1.3,2,3
E-100147,1.4,2,3
E-100160,1.5,2,3
E-100184,1.6,2,3
E-100216,1.7,2,3
E-100265,1.8,2,3
E-100298,1.9,2,3
E-100322,2,2,3
E-100347,2.1,2,3
E-100390,2.2,2,3
E-100392,2.3,2,3
E-100427,2.4,2,3
E-100453,2.5,2,3
E-100508,2.6,2,3
E-100525,2.7,2,3
E-100542,2.8,2,3
E-100577,2.9,2,3
E-100627,3,2,3
E-100651,3.1,2,3
E-100664,3.2,2,3
E-100709,3.3,2,3
E-100732,3.4,2,3
E-100770,3.5,2,3
E-100786,3.6,2,3
E-100829,3.7,2,3
E-100870,3.8,2,3
E-100879,3.9,2,3
E-100922,4,2,3
E-100959,4.1,2,3
E-100976,4.2,2,3
E-100993,4.3,2,3
E-101029,4.4,2,3
E-101051,4.5,2,3
E-101101,4.6,2,3
E-101114,4.7,2,3
E-101165,4.8,2,3
E-101187,4.9,2,3
E-101219,5,2,3
E-101237,5.1,2,3
E-101274,5.2,2,3
E-101303,5.3,2,3
E-101331,5.4,2,3
E-101370,5.5,2,3
E-101405,5.6,2,3
E-101438,5.7,2,3
E-101447,5.8,2,3
E-101471,5.9,2,3
E-101519,6,2,3
E-101544,6.1,2,3
E-101563,6.2,2,3
E-101591,6.3,2,3
E-101645,6.4,2,3
E-101656,6.5,2,3
E-101691,6.6,2,3
E-101729,6.7,2,3
E-101766,6.8,2,3
E-101796,6.9,2,3
E-101822,7,2,3
E-101855,7.1,2,3
E-101888,7.2,2,3
E-101898,7.3,2,3
E-101924,7.4,2,3
E-101974,7.5,2,3
E-101985,7.6,2,3
E-102017,7.7,2,3
E-102064,7.8,2,3
E-102080,7.9,2,3
E-102108,8,2,3
E-102160,8.1,2,3
E-102189,8.2,2,3
E-102215,8.3,2,3
E-102239,8.4,2,3
E-102273,8.5,2,3
E-102282,8.6,2,3
E-102337,8.7,2,3
E-102361,8.8,2,3
E-102377,8.9,2,3
E-102415,9,2,3
E-102454,9.1,2,3
E-102480,9.2,2,3
E-102519,9.3,2,3
E-102535,9.4,2,3
E-102568,9.5,2,3
E-102594,9.6,2,3
E-102636,9.7,2,3
E-102657,9.8,2,3
E-102687,9.9,2,3
E-102730,10,2,3
E-102749,10.1,2,3
E-102770,10.2,2,3
E-102806,10.3,2,3
E-102842,10.4,2,3
E-102873,10.5,2,3
E-102885,10.6,2,3
E-102918,10.7,2,3
E-102956,10.8,2,3
E-102981,10.9,2,3
E-103030,11,2,3
E-103056,11.1,2,3
E-103085,11.2,2,3
E-103101,11.3,2,3
E-103123,11.4,2,3
E-103168,11.5,2,3
E-103182,11.6,2,3
E-103235,11.7,2,3
E-103243,11.8,2,3
E-103296,11.9,2,3
E-103324,12,2,3
E-100010,1,9,3
E-100032,1.1,9,3
E-100073,1.2,9,3
E-100104,1.3,9,3
E-100134,1.4,9,3
E-100170,1.5,9,3
E-100207,1.6,9,3
E-100213,1.7,9,3
E-100242,1.8,9,3
E-100279,1.9,9,3
E-100318,2,9,3
E-100353,2.1,9,3
E-100384,2.2,9,3
E-100416,2.3,9,3
E-100439,2.4,9,3
E-100468,2.5,9,3
E-100507,2.6,9,3
E-100532,2.7,9,3
E-100557,2.8,9,3
E-100581,2.9,9,3
E-100626,3,9,3
E-100639,3.1,9,3
E-100687,3.2,9,3
E-100698,3.3,9,3
E-100744,3.4,9,3
E-100763,3.5,9,3
E-100806,3.6,9,3
E-100814,3.7,9,3
E-100869,3.8,9,3
E-100883,3.9,9,3
E-100905,4,9,3
E-100955,4.1,9,3
E-100974,4.2,9,3
E-101019,4.3,9,3
E-101037,4.4,9,3
E-101064,4.5,9,3
E-101108,4.6,9,3
E-101140,4.7,9,3
E-101170,4.8,9,3
E-101172,4.9,9,3
E-101222,5,9,3
E-101250,5.1,9,3
E-101269,5.2,9,3
E-101302,5.3,9,3
E-101339,5.4,9,3
E-101364,5.5,9,3
E-101387,5.6,9,3
E-101423,5.7,9,3
E-101441,5.8,9,3
E-101477,5.9,9,3
E-101511,6,9,3
E-101535,6.1,9,3
E-101568,6.2,9,3
E-101614,6.3,9,3
E-101643,6.4,9,3
E-101673,6.5,9,3
E-101699,6.6,9,3
E-101715,6.7,9,3
E-101751,6.8,9,3
E-101779,6.9,9,3
E-101824,7,9,3
E-101856,7.1,9,3
E-101883,7.2,9,3
E-101903,7.3,9,3
E-101921,7.4,9,3
E-101959,7.5,9,3
E-102010,7.6,9,3
E-102025,7.7,9,3
E-102065,7.8,9,3
E-102081,7.9,9,3
E-102127,8,9,3
E-102139,8.1,9,3
E-102190,8.2,9,3
E-102199,8.3,9,3
E-102230,8.4,9,3
E-102257,8.5,9,3
E-102287,8.6,9,3
E-102318,8.7,9,3
E-102343,8.8,9,3
E-102400,8.9,9,3
E-102401,9,9,3
E-102435,9.1,9,3
E-102486,9.2,9,3
E-102515,9.3,9,3
E-102548,9.4,9,3
E-102559,9.5,9,3
E-102598,9.6,9,3
E-102622,9.7,9,3
E-102648,9.8,9,3
E-102693,9.9,9,3
E-102712,10,9,3
E-102741,10.1,9,3
E-102786,10.2,9,3
E-102791,10.3,9,3
E-102846,10.4,9,3
E-102851,10.5,9,3
E-102902,10.6,9,3
E-102939,10.7,9,3
E-102958,10.8,9,3
E-102990,10.9,9,3
E-103014,11,9,3
E-103045,11.1,9,3
E-103089,11.2,9,3
E-103092,11.3,9,3
E-103145,11.4,9,3
E-103177,11.5,9,3
E-103209,11.6,9,3
E-103236,11.7,9,3
E-103253,11.8,9,3
E-103271,11.9,9,3
E-103327,12,9,3
E-100003,1,5,3
E-100044,1.1,5,3
E-100089,1.2,5,3
E-100100,1.3,5,3
E-100123,1.4,5,3
E-100169,1.5,5,3
E-100185,1.6,5,3
E-100230,1.7,5,3
E-100258,1.8,5,3
E-100285,1.9,5,3
E-100327,2,5,3
E-100358,2.1,5,3
E-100382,2.2,5,3
E-100393,2.3,5,3
E-100443,2.4,5,3
E-100470,2.5,5,3
E-100497,2.6,5,3
E-100529,2.7,5,3
E-100545,2.8,5,3
E-100593,2.9,5,3
E-100611,3,5,3
E-100632,3.1,5,3
E-100679,3.2,5,3
E-100714,3.3,5,3
E-100750,3.4,5,3
E-100776,3.5,5,3
E-100792,3.6,5,3
E-100834,3.7,5,3
E-100842,3.8,5,3
E-100875,3.9,5,3
E-100925,4,5,3
E-100934,4.1,5,3
E-100968,4.2,5,3
E-100996,4.3,5,3
E-101026,4.4,5,3
E-101060,4.5,5,3
E-101106,4.6,5,3
E-101113,4.7,5,3
E-101144,4.8,5,3
E-101189,4.9,5,3
E-101225,5,5,3
E-101256,5.1,5,3
E-101271,5.2,5,3
E-101305,5.3,5,3
E-101338,5.4,5,3
E-101354,5.5,5,3
E-101389,5.6,5,3
E-101437,5.7,5,3
E-101467,5.8,5,3
E-101473,5.9,5,3
E-101517,6,5,3
E-101547,6.1,5,3
E-101576,6.2,5,3
E-101617,6.3,5,3
E-101642,6.4,5,3
E-101679,6.5,5,3
E-101704,6.6,5,3
E-101717,6.7,5,3
E-101742,6.8,5,3
E-101797,6.9,5,3
E-101826,7,5,3
E-101839,7.1,5,3
E-101870,7.2,5,3
E-101901,7.3,5,3
E-101943,7.4,5,3
E-101965,7.5,5,3
E-101984,7.6,5,3
E-102011,7.7,5,3
E-102052,7.8,5,3
E-102084,7.9,5,3
E-102119,8,5,3
E-102138,8.1,5,3
E-102180,8.2,5,3
E-102214,8.3,5,3
E-102249,8.4,5,3
E-102277,8.5,5,3
E-102296,8.6,5,3
E-102329,8.7,5,3
E-102368,8.8,5,3
E-102372,8.9,5,3
E-102426,9,5,3
E-102437,9.1,5,3
E-102463,9.2,5,3
E-102496,9.3,5,3
E-102521,9.4,5,3
E-102552,9.5,5,3
E-102585,9.6,5,3
E-102620,9.7,5,3
E-102645,9.8,5,3
E-102692,9.9,5,3
E-102723,10,5,3
E-102736,10.1,5,3
E-102782,10.2,5,3
E-102820,10.3,5,3
E-102827,10.4,5,3
E-102858,10.5,5,3
E-102906,10.6,5,3
E-102937,10.7,5,3
E-102945,10.8,5,3
E-102991,10.9,5,3
E-103005,11,5,3
E-103053,11.1,5,3
E-103083,11.2,5,3
E-103096,11.3,5,3
E-103137,11.4,5,3
E-103178,11.5,5,3
E-103206,11.6,5,3
E-103216,11.7,5,3
E-103255,11.8,5,3
E-103293,11.9,5,3
E-103328,12,5,3
E-100004,1,9,1
E-100051,1.1,9,1
E-100077,1.2,9,1
E-100098,1.3,9,1
E-100143,1.4,9,1
E-100171,1.5,9,1
E-100183,1.6,9,1
E-100214,1.7,9,1
E-100266,1.8,9,1
E-100292,1.9,9,1
E-100312,2,9,1
E-100354,2.1,9,1
E-100389,2.2,9,1
E-100415,2.3,9,1
E-100424,2.4,9,1
E-100458,2.5,9,1
E-100501,2.6,9,1
E-100512,2.7,9,1
E-100570,2.8,9,1
E-100572,2.9,9,1
E-100619,3,9,1
E-100642,3.1,9,1
E-100673,3.2,9,1
E-100701,3.3,9,1
E-100725,3.4,9,1
E-100773,3.5,9,1
E-100799,3.6,9,1
E-100832,3.7,9,1
E-100851,3.8,9,1
E-100884,3.9,9,1
E-100919,4,9,1
E-100950,4.1,9,1
E-100971,4.2,9,1
E-101011,4.3,9,1
E-101036,4.4,9,1
E-101080,4.5,9,1
E-101095,4.6,9,1
E-101130,4.7,9,1
E-101141,4.8,9,1
E-101177,4.9,9,1
E-101203,5,9,1
E-101245,5.1,9,1
E-101280,5.2,9,1
E-101319,5.3,9,1
E-101330,5.4,9,1
E-101375,5.5,9,1
E-101399,5.6,9,1
E-101421,5.7,9,1
E-101456,5.8,9,1
E-101489,5.9,9,1
E-101508,6,9,1
E-101545,6.1,9,1
E-101575,6.2,9,1
E-101610,6.3,9,1
E-101632,6.4,9,1
E-101657,6.5,9,1
E-101689,6.6,9,1
E-101733,6.7,9,1
E-101747,6.8,9,1
E-101772,6.9,9,1
E-101813,7,9,1
E-101832,7.1,9,1
E-101879,7.2,9,1
E-101899,7.3,9,1
E-101926,7.4,9,1
E-101969,7.5,9,1
E-101990,7.6,9,1
E-102038,7.7,9,1
E-102067,7.8,9,1
E-102083,7.9,9,1
E-102105,8,9,1
E-102151,8.1,9,1
E-102166,8.2,9,1
E-102203,8.3,9,1
E-102244,8.4,9,1
E-102267,8.5,9,1
E-102281,8.6,9,1
E-102321,8.7,9,1
E-102344,8.8,9,1
E-102390,8.9,9,1
E-102421,9,9,1
E-102442,9.1,9,1
E-102471,9.2,9,1
E-102493,9.3,9,1
E-102545,9.4,9,1
E-102558,9.5,9,1
E-102599,9.6,9,1
E-102626,9.7,9,1
E-102649,9.8,9,1
E-102699,9.9,9,1
E-102726,10,9,1
E-102731,10.1,9,1
E-102776,10.2,9,1
E-102797,10.3,9,1
E-102845,10.4,9,1
E-102869,10.5,9,1
E-102901,10.6,9,1
E-102913,10.7,9,1
E-102950,10.8,9,1
E-102978,10.9,9,1
E-103010,11,9,1
E-103046,11.1,9,1
E-103065,11.2,9,1
E-103119,11.3,9,1
E-103150,11.4,9,1
E-103180,11.5,9,1
E-103199,11.6,9,1
E-103215,11.7,9,1
E-103241,11.8,9,1
E-103287,11.9,9,1
E-103329,12,9,1
E-100021,1,5,1
E-100040,1.1,5,1
E-100087,1.2,5,1
E-100118,1.3,5,1
E-100128,1.4,5,1
E-100156,1.5,5,1
E-100182,1.6,5,1
E-100232,1.7,5,1
E-100254,1.8,5,1
E-100282,1.9,5,1
E-100309,2,5,1
E-100343,2.1,5,1
E-100372,2.2,5,1
E-100414,2.3,5,1
E-100421,2.4,5,1
E-100473,2.5,5,1
E-100483,2.6,5,1
E-100520,2.7,5,1
E-100556,2.8,5,1
E-100590,2.9,5,1
E-100608,3,5,1
E-100634,3.1,5,1
E-100689,3.2,5,1
E-100702,3.3,5,1
E-100734,3.4,5,1
E-100757,3.5,5,1
E-100804,3.6,5,1
E-100818,3.7,5,1
E-100866,3.8,5,1
E-100899,3.9,5,1
E-100908,4,5,1
E-100956,4.1,5,1
E-100961,4.2,5,1
E-101020,4.3,5,1
E-101050,4.4,5,1
E-101077,4.5,5,1
E-101091,4.6,5,1
E-101120,4.7,5,1
E-101146,4.8,5,1
E-101182,4.9,5,1
E-101215,5,5,1
E-101254,5.1,5,1
E-101283,5.2,5,1
E-101308,5.3,5,1
E-101337,5.4,5,1
E-101351,5.5,5,1
E-101406,5.6,5,1
E-101425,5.7,5,1
E-101451,5.8,5,1
E-101494,5.9,5,1
E-101503,6,5,1
E-101550,6.1,5,1
E-101561,6.2,5,1
E-101606,6.3,5,1
E-101640,6.4,5,1
E-101678,6.5,5,1
E-101681,6.6,5,1
E-101737,6.7,5,1
E-101762,6.8,5,1
E-101791,6.9,5,1
E-101802,7,5,1
E-101845,7.1,5,1
E-101871,7.2,5,1
E-101904,7.3,5,1
E-101925,7.4,5,1
E-101968,7.5,5,1
E-101996,7.6,5,1
E-102013,7.7,5,1
E-102054,7.8,5,1
E-102099,7.9,5,1
E-102123,8,5,1
E-102157,8.1,5,1
E-102188,8.2,5,1
E-102194,8.3,5,1
E-102248,8.4,5,1
E-102260,8.5,5,1
E-102290,8.6,5,1
E-102322,8.7,5,1
E-102345,8.8,5,1
E-102397,8.9,5,1
E-102413,9,5,1
E-102438,9.1,5,1
E-102481,9.2,5,1
E-102508,9.3,5,1
E-102525,9.4,5,1
E-102563,9.5,5,1
E-102591,9.6,5,1
E-102637,9.7,5,1
E-102659,9.8,5,1
E-102700,9.9,5,1
E-102718,10,5,1
E-102751,10.1,5,1
E-102764,10.2,5,1
E-102801,10.3,5,1
E-102836,10.4,5,1
E-102855,10.5,5,1
E-102894,10.6,5,1
E-102926,10.7,5,1
E-102955,10.8,5,1
E-102989,10.9,5,1
E-103002,11,5,1
E-103050,11.1,5,1
E-103075,11.2,5,1
E-103115,11.3,5,1
E-103133,11.4,5,1
E-103157,11.5,5,1
E-103187,11.6,5,1
E-103233,11.7,5,1
E-103268,11.8,5,1
E-103291,11.9,5,1
E-103326,12,5,1
E-100024,1,10,1
E-100049,1.1,10,1
E-100072,1.2,10,1
E-100114,1.3,10,1
E-100131,1.4,10,1
E-100177,1.5,10,1
E-100206,1.6,10,1
E-100235,1.7,10,1
E-100252,1.8,10,1
E-100273,1.9,10,1
E-100316,2,10,1
E-100339,2.1,10,1
E-100362,2.2,10,1
E-100418,2.3,10,1
E-100426,2.4,10,1
E-100456,2.5,10,1
E-100503,2.6,10,1
E-100522,2.7,10,1
E-100555,2.8,10,1
E-100580,2.9,10,1
E-100606,3,10,1
E-100644,3.1,10,1
E-100669,3.2,10,1
E-100694,3.3,10,1
E-100731,3.4,10,1
E-100768,3.5,10,1
E-100793,3.6,10,1
E-100835,3.7,10,1
E-100845,3.8,10,1
E-100889,3.9,10,1
E-100923,4,10,1
E-100945,4.1,10,1
E-100963,4.2,10,1
E-101005,4.3,10,1
E-101021,4.4,10,1
E-101054,4.5,10,1
E-101110,4.6,10,1
E-101137,4.7,10,1
E-101159,4.8,10,1
E-101193,4.9,10,1
E-101214,5,10,1
E-101246,5.1,10,1
E-101279,5.2,10,1
E-101293,5.3,10,1
E-101322,5.4,10,1
E-101358,5.5,10,1
E-101390,5.6,10,1
E-101435,5.7,10,1
E-101455,5.8,10,1
E-101487,5.9,10,1
E-101509,6,10,1
E-101552,6.1,10,1
E-101571,6.2,10,1
E-101620,6.3,10,1
E-101621,6.4,10,1
E-101674,6.5,10,1
E-101700,6.6,10,1
E-101734,6.7,10,1
E-101763,6.8,10,1
E-101794,6.9,10,1
E-101812,7,10,1
E-101844,7.1,10,1
E-101861,7.2,10,1
E-101911,7.3,10,1
E-101928,7.4,10,1
E-101964,7.5,10,1
E-101999,7.6,10,1
E-102012,7.7,10,1
E-102044,7.8,10,1
E-102073,7.9,10,1
E-102109,8,10,1
E-102148,8.1,10,1
E-102187,8.2,10,1
E-102207,8.3,10,1
E-102228,8.4,10,1
E-102252,8.5,10,1
E-102294,8.6,10,1
E-102325,8.7,10,1
E-102354,8.8,10,1
E-102399,8.9,10,1
E-102430,9,10,1
E-102443,9.1,10,1
E-102465,9.2,10,1
E-102507,9.3,10,1
E-102546,9.4,10,1
E-102578,9.5,10,1
E-102602,9.6,10,1
E-102633,9.7,10,1
E-102642,9.8,10,1
E-102694,9.9,10,1
E-102702,10,10,1
E-102750,10.1,10,1
E-102774,10.2,10,1
E-102815,10.3,10,1
E-102847,10.4,10,1
E-102864,10.5,10,1
E-102886,10.6,10,1
E-102936,10.7,10,1
E-102941,10.8,10,1
E-102984,10.9,10,1
E-103009,11,10,1
E-103031,11.1,10,1
E-103061,11.2,10,1
E-103106,11.3,10,1
E-103127,11.4,10,1
E-103174,11.5,10,1
E-103202,11.6,10,1
E-103220,11.7,10,1
E-103267,11.8,10,1
E-103299,11.9,10,1
E-103322,12,10,1
E-100026,1,3,1
E-100045,1.1,3,1
E-100068,1.2,3,1
E-100097,1.3,3,1
E-100130,1.4,3,1
E-100162,1.5,3,1
E-100200,1.6,3,1
E-100211,1.7,3,1
E-100268,1.8,3,1
E-100294,1.9,3,1
E-100315,2,3,1
E-100350,2.1,3,1
E-100371,2.2,3,1
E-100417,2.3,3,1
E-100444,2.4,3,1
E-100466,2.5,3,1
E-100482,2.6,3,1
E-100514,2.7,3,1
E-100549,2.8,3,1
E-100588,2.9,3,1
E-100625,3,3,1
E-100654,3.1,3,1
E-100690,3.2,3,1
E-100711,3.3,3,1
E-100748,3.4,3,1
E-100756,3.5,3,1
E-100784,3.6,3,1
E-100819,3.7,3,1
E-100858,3.8,3,1
E-100885,3.9,3,1
E-100903,4,3,1
E-100938,4.1,3,1
E-100969,4.2,3,1
E-101008,4.3,3,1
E-101038,4.4,3,1
E-101052,4.5,3,1
E-101105,4.6,3,1
E-101112,4.7,3,1
E-101154,4.8,3,1
E-101184,4.9,3,1
E-101211,5,3,1
E-101243,5.1,3,1
E-101265,5.2,3,1
E-101318,5.3,3,1
E-101344,5.4,3,1
E-101380,5.5,3,1
E-101394,5.6,3,1
E-101431,5.7,3,1
E-101463,5.8,3,1
E-101497,5.9,3,1
E-101501,6,3,1
E-101531,6.1,3,1
E-101587,6.2,3,1
E-101612,6.3,3,1
E-101634,6.4,3,1
E-101676,6.5,3,1
E-101706,6.6,3,1
E-101718,6.7,3,1
E-101768,6.8,3,1
E-101788,6.9,3,1
E-101820,7,3,1
E-101849,7.1,3,1
E-101890,7.2,3,1
E-101892,7.3,3,1
E-101944,7.4,3,1
E-101980,7.5,3,1
E-101993,7.6,3,1
E-102021,7.7,3,1
E-102041,7.8,3,1
E-102078,7.9,3,1
E-102115,8,3,1
E-102131,8.1,3,1
E-102165,8.2,3,1
E-102220,8.3,3,1
E-102225,8.4,3,1
E-102270,8.5,3,1
E-102300,8.6,3,1
E-102334,8.7,3,1
E-102367,8.8,3,1
E-102386,8.9,3,1
E-102428,9,3,1
E-102453,9.1,3,1
E-102473,9.2,3,1
E-102500,9.3,3,1
E-102528,9.4,3,1
E-102576,9.5,3,1
E-102588,9.6,3,1
E-102629,9.7,3,1
E-102655,9.8,3,1
E-102681,9.9,3,1
E-102729,10,3,1
E-102747,10.1,3,1
E-102790,10.2,3,1
E-102807,10.3,3,1
E-102830,10.4,3,1
E-102857,10.5,3,1
E-102888,10.6,3,1
E-102930,10.7,3,1
E-102957,10.8,3,1
E-102987,10.9,3,1
E-103011,11,3,1
E-103041,11.1,3,1
E-103076,11.2,3,1
E-103104,11.3,3,1
E-103149,11.4,3,1
E-103158,11.5,3,1
E-103197,11.6,3,1
E-103237,11.7,3,1
E-103252,11.8,3,1
E-103282,11.9,3,1
E-103317,12,3,1
E-100016,1,6,1
E-100054,1.1,6,1
E-100086,1.2,6,1
E-100115,1.3,6,1
E-100129,1.4,6,1
E-100159,1.5,6,1
E-100194,1.6,6,1
E-100222,1.7,6,1
E-100249,1.8,6,1
E-100296,1.9,6,1
E-100320,2,6,1
E-100348,2.1,6,1
E-100381,2.2,6,1
E-100397,2.3,6,1
E-100431,2.4,6,1
E-100475,2.5,6,1
E-100486,2.6,6,1
E-100516,2.7,6,1
E-100541,2.8,6,1
E-100574,2.9,6,1
E-100610,3,6,1
E-100656,3.1,6,1
E-100667,3.2,6,1
E-100700,3.3,6,1
E-100728,3.4,6,1
E-100777,3.5,6,1
E-100808,3.6,6,1
E-100839,3.7,6,1
E-100854,3.8,6,1
E-100873,3.9,6,1
E-100913,4,6,1
E-100931,4.1,6,1
E-100966,4.2,6,1
E-101015,4.3,6,1
E-101032,4.4,6,1
E-101069,4.5,6,1
E-101104,4.6,6,1
E-101123,4.7,6,1
E-101152,4.8,6,1
E-101188,4.9,6,1
E-101205,5,6,1
E-101235,5.1,6,1
E-101276,5.2,6,1
E-101311,5.3,6,1
E-101323,5.4,6,1
E-101353,5.5,6,1
E-101402,5.6,6,1
E-101420,5.7,6,1
E-101457,5.8,6,1
E-101479,5.9,6,1
E-101513,6,6,1
E-101539,6.1,6,1
E-101581,6.2,6,1
E-101608,6.3,6,1
E-101637,6.4,6,1
E-101651,6.5,6,1
E-101710,6.6,6,1
E-101732,6.7,6,1
E-101743,6.8,6,1
E-101787,6.9,6,1
E-101810,7,6,1
E-101841,7.1,6,1
E-101869,7.2,6,1
E-101912,7.3,6,1
E-101949,7.4,6,1
E-101973,7.5,6,1
E-101992,7.6,6,1
E-102032,7.7,6,1
E-102058,7.8,6,1
E-102094,7.9,6,1
E-102111,8,6,1
E-102137,8.1,6,1
E-102163,8.2,6,1
E-102205,8.3,6,1
E-102221,8.4,6,1
E-102268,8.5,6,1
E-102299,8.6,6,1
E-102324,8.7,6,1
E-102360,8.8,6,1
E-102381,8.9,6,1
E-102417,9,6,1
E-102431,9.1,6,1
E-102476,9.2,6,1
E-102517,9.3,6,1
E-102539,9.4,6,1
E-102571,9.5,6,1
E-102609,9.6,6,1
E-102631,9.7,6,1
E-102646,9.8,6,1
E-102697,9.9,6,1
E-102708,10,6,1
E-102757,10.1,6,1
E-102766,10.2,6,1
E-102814,10.3,6,1
E-102828,10.4,6,1
E-102852,10.5,6,1
E-102898,10.6,6,1
E-102929,10.7,6,1
E-102960,10.8,6,1
E-102999,10.9,6,1
E-103017,11,6,1
E-103058,11.1,6,1
E-103073,11.2,6,1
E-103108,11.3,6,1
E-103144,11.4,6,1
E-103156,11.5,6,1
E-103186,11.6,6,1
E-103240,11.7,6,1
E-103266,11.8,6,1
E-103283,11.9,6,1
E-103314,12,6,1
E-100014,1,8,1
E-100038,1.1,8,1
E-100075,1.2,8,1
E-100109,1.3,8,1
E-100141,1.4,8,1
E-100163,1.5,8,1
E-100205,1.6,8,1
E-100225,1.7,8,1
E-100264,1.8,8,1
E-100278,1.9,8,1
E-100328,2,8,1
E-100360,2.1,8,1
E-100378,2.2,8,1
E-100420,2.3,8,1
E-100442,2.4,8,1
E-100455,2.5,8,1
E-100509,2.6,8,1
E-100518,2.7,8,1
E-100548,2.8,8,1
E-100571,2.9,8,1
E-100629,3,8,1
E-100657,3.1,8,1
E-100672,3.2,8,1
E-100712,3.3,8,1
E-100737,3.4,8,1
E-100766,3.5,8,1
E-100803,3.6,8,1
E-100836,3.7,8,1
E-100861,3.8,8,1
E-100880,3.9,8,1
E-100910,4,8,1
E-100939,4.1,8,1
E-100970,4.2,8,1
E-101007,4.3,8,1
E-101041,4.4,8,1
E-101055,4.5,8,1
E-101082,4.6,8,1
E-101136,4.7,8,1
E-101168,4.8,8,1
E-101186,4.9,8,1
E-101210,5,8,1
E-101247,5.1,8,1
E-101262,5.2,8,1
E-101291,5.3,8,1
E-101341,5.4,8,1
E-101361,5.5,8,1
E-101395,5.6,8,1
E-101412,5.7,8,1
E-101453,5.8,8,1
E-101474,5.9,8,1
E-101515,6,8,1
E-101543,6.1,8,1
E-101579,6.2,8,1
E-101602,6.3,8,1
E-101630,6.4,8,1
E-101668,6.5,8,1
E-101682,6.6,8,1
E-101736,6.7,8,1
E-101754,6.8,8,1
E-101780,6.9,8,1
E-101827,7,8,1
E-101859,7.1,8,1
E-101874,7.2,8,1
E-101920,7.3,8,1
E-101937,7.4,8,1
E-101958,7.5,8,1
E-102009,7.6,8,1
E-102039,7.7,8,1
E-102059,7.8,8,1
E-102096,7.9,8,1
E-102112,8,8,1
E-102145,8.1,8,1
E-102168,8.2,8,1
E-102196,8.3,8,1
E-102224,8.4,8,1
E-102271,8.5,8,1
E-102285,8.6,8,1
E-102332,8.7,8,1
E-102346,8.8,8,1
E-102374,8.9,8,1
E-102427,9,8,1
E-102439,9.1,8,1
E-102483,9.2,8,1
E-102499,9.3,8,1
E-102544,9.4,8,1
E-102580,9.5,8,1
E-102586,9.6,8,1
E-102615,9.7,8,1
E-102647,9.8,8,1
E-102691,9.9,8,1
E-102703,10,8,1
E-102760,10.1,8,1
E-102780,10.2,8,1
E-102805,10.3,8,1
E-102843,10.4,8,1
E-102880,10.5,8,1
E-102896,10.6,8,1
E-102935,10.7,8,1
E-102965,10.8,8,1
E-103000,10.9,8,1
E-103015,11,8,1
E-103043,11.1,8,1
E-103069,11.2,8,1
E-103097,11.3,8,1
E-103124,11.4,8,1
E-103160,11.5,8,1
E-103191,11.6,8,1
E-103239,11.7,8,1
E-103249,11.8,8,1
E-103279,11.9,8,1
E-103313,12,8,1
E-100028,1,7,1
E-100033,1.1,7,1
E-100079,1.2,7,1
E-100101,1.3,7,1
E-100124,1.4,7,1
E-100173,1.5,7,1
E-100209,1.6,7,1
E-100223,1.7,7,1
E-100259,1.8,7,1
E-100289,1.9,7,1
E-100325,2,7,1
E-100340,2.1,7,1
E-100380,2.2,7,1
E-100404,2.3,7,1
E-100447,2.4,7,1
E-100477,2.5,7,1
E-100498,2.6,7,1
E-100537,2.7,7,1
E-100563,2.8,7,1
E-100579,2.9,7,1
E-100617,3,7,1
E-100647,3.1,7,1
E-100675,3.2,7,1
E-100716,3.3,7,1
E-100747,3.4,7,1
E-100769,3.5,7,1
E-100795,3.6,7,1
E-100837,3.7,7,1
E-100868,3.8,7,1
E-100891,3.9,7,1
E-100930,4,7,1
E-100944,4.1,7,1
E-100982,4.2,7,1
E-101001,4.3,7,1
E-101034,4.4,7,1
E-101079,4.5,7,1
E-101102,4.6,7,1
E-101124,4.7,7,1
E-101158,4.8,7,1
E-101185,4.9,7,1
E-101229,5,7,1
E-101231,5.1,7,1
E-101287,5.2,7,1
E-101301,5.3,7,1
E-101349,5.4,7,1
E-101365,5.5,7,1
E-101398,5.6,7,1
E-101434,5.7,7,1
E-101462,5.8,7,1
E-101482,5.9,7,1
E-101516,6,7,1
E-101540,6.1,7,1
E-101589,6.2,7,1
E-101605,6.3,7,1
E-101625,6.4,7,1
E-101659,6.5,7,1
E-101702,6.6,7,1
E-101731,6.7,7,1
E-101767,6.8,7,1
E-101783,6.9,7,1
E-101829,7,7,1
E-101838,7.1,7,1
E-101863,7.2,7,1
E-101915,7.3,7,1
E-101938,7.4,7,1
E-101954,7.5,7,1
E-102006,7.6,7,1
E-102019,7.7,7,1
E-102061,7.8,7,1
E-102100,7.9,7,1
E-102130,8,7,1
E-102152,8.1,7,1
E-102178,8.2,7,1
E-102193,8.3,7,1
E-102232,8.4,7,1
E-102275,8.5,7,1
E-102301,8.6,7,1
E-102331,8.7,7,1
E-102370,8.8,7,1
E-102378,8.9,7,1
E-102403,9,7,1
E-102448,9.1,7,1
E-102469,9.2,7,1
E-102513,9.3,7,1
E-102541,9.4,7,1
E-102554,9.5,7,1
E-102596,9.6,7,1
E-102625,9.7,7,1
E-102651,9.8,7,1
E-102698,9.9,7,1
E-102715,10,7,1
E-102745,10.1,7,1
E-102781,10.2,7,1
E-102798,10.3,7,1
E-102834,10.4,7,1
E-102866,10.5,7,1
E-102900,10.6,7,1
E-102921,10.7,7,1
E-102966,10.8,7,1
E-102994,10.9,7,1
E-103022,11,7,1
E-103037,11.1,7,1
E-103072,11.2,7,1
E-103117,11.3,7,1
E-103130,11.4,7,1
E-103151,11.5,7,1
E-103210,11.6,7,1
E-103211,11.7,7,1
E-103248,11.8,7,1
E-103297,11.9,7,1
E-103310,12,7,1
E-100020,1,2,1
E-100034,1.1,2,1
E-100061,1.2,2,1
E-100096,1.3,2,1
E-100138,1.4,2,1
E-100176,1.5,2,1
E-100192,1.6,2,1
E-100234,1.7,2,1
E-100251,1.8,2,1
E-100275,1.9,2,1
E-100306,2,2,1
E-100342,2.1,2,1
E-100388,2.2,2,1
E-100419,2.3,2,1
E-100430,2.4,2,1
E-100471,2.5,2,1
E-100487,2.6,2,1
E-100534,2.7,2,1
E-100544,2.8,2,1
E-100578,2.9,2,1
E-100607,3,2,1
E-100637,3.1,2,1
E-100677,3.2,2,1
E-100704,3.3,2,1
E-100736,3.4,2,1
E-100772,3.5,2,1
E-100787,3.6,2,1
E-100815,3.7,2,1
E-100864,3.8,2,1
E-100877,3.9,2,1
E-100914,4,2,1
E-100960,4.1,2,1
E-100975,4.2,2,1
E-101014,4.3,2,1
E-101031,4.4,2,1
E-101066,4.5,2,1
E-101083,4.6,2,1
E-101133,4.7,2,1
E-101163,4.8,2,1
E-101174,4.9,2,1
E-101224,5,2,1
E-101233,5.1,2,1
E-101263,5.2,2,1
E-101310,5.3,2,1
E-101348,5.4,2,1
E-101379,5.5,2,1
E-101382,5.6,2,1
E-101430,5.7,2,1
E-101460,5.8,2,1
E-101493,5.9,2,1
E-101506,6,2,1
E-101556,6.1,2,1
E-101584,6.2,2,1
E-101616,6.3,2,1
E-101647,6.4,2,1
E-101671,6.5,2,1
E-101705,6.6,2,1
E-101714,6.7,2,1
E-101752,6.8,2,1
E-101773,6.9,2,1
E-101818,7,2,1
E-101842,7.1,2,1
E-101880,7.2,2,1
E-101913,7.3,2,1
E-101923,7.4,2,1
E-101956,7.5,2,1
E-101982,7.6,2,1
E-102023,7.7,2,1
E-102070,7.8,2,1
E-102092,7.9,2,1
E-102120,8,2,1
E-102132,8.1,2,1
E-102176,8.2,2,1
E-102217,8.3,2,1
E-102234,8.4,2,1
E-102258,8.5,2,1
E-102295,8.6,2,1
E-102315,8.7,2,1
E-102357,8.8,2,1
E-102371,8.9,2,1
E-102408,9,2,1
E-102452,9.1,2,1
E-102474,9.2,2,1
E-102516,9.3,2,1
E-102538,9.4,2,1
E-102560,9.5,2,1
E-102607,9.6,2,1
E-102630,9.7,2,1
E-102661,9.8,2,1
E-102690,9.9,2,1
E-102719,10,2,1
E-102752,10.1,2,1
E-102768,10.2,2,1
E-102816,10.3,2,1
E-102823,10.4,2,1
E-102877,10.5,2,1
E-102899,10.6,2,1
E-102933,10.7,2,1
E-102964,10.8,2,1
E-102996,10.9,2,1
E-103013,11,2,1
E-103054,11.1,2,1
E-103082,11.2,2,1
E-103091,11.3,2,1
E-103146,11.4,2,1
E-103154,11.5,2,1
E-103185,11.6,2,1
E-103221,11.7,2,1
E-103263,11.8,2,1
E-103292,11.9,2,1
E-103309,12,2,1
E-100009,1,4,1
E-100046,1.1,4,1
E-100080,1.2,4,1
E-100095,1.3,4,1
E-100132,1.4,4,1
E-100166,1.5,4,1
E-100210,1.6,4,1
E-100220,1.7,4,1
E-100269,1.8,4,1
E-100283,1.9,4,1
E-100305,2,4,1
E-100355,2.1,4,1
E-100375,2.2,4,1
E-100395,2.3,4,1
E-100445,2.4,4,1
E-100464,2.5,4,1
E-100495,2.6,4,1
E-100513,2.7,4,1
E-100546,2.8,4,1
E-100575,2.9,4,1
E-100628,3,4,1
E-100659,3.1,4,1
E-100682,3.2,4,1
E-100707,3.3,4,1
E-100722,3.4,4,1
E-100751,3.5,4,1
E-100805,3.6,4,1
E-100812,3.7,4,1
E-100843,3.8,4,1
E-100887,3.9,4,1
E-100907,4,4,1
E-100936,4.1,4,1
E-100978,4.2,4,1
E-101000,4.3,4,1
E-101040,4.4,4,1
E-101057,4.5,4,1
E-101088,4.6,4,1
E-101115,4.7,4,1
E-101160,4.8,4,1
E-101198,4.9,4,1
E-101204,5,4,1
E-101252,5.1,4,1
E-101288,5.2,4,1
E-101306,5.3,4,1
E-101328,5.4,4,1
E-101363,5.5,4,1
E-101403,5.6,4,1
E-101426,5.7,4,1
E-101450,5.8,4,1
E-101485,5.9,4,1
E-101514,6,4,1
E-101537,6.1,4,1
E-101572,6.2,4,1
E-101611,6.3,4,1
E-101638,6.4,4,1
E-101654,6.5,4,1
E-101686,6.6,4,1
E-101725,6.7,4,1
E-101765,6.8,4,1
E-101795,6.9,4,1
E-101817,7,4,1
E-101851,7.1,4,1
E-101877,7.2,4,1
E-101916,7.3,4,1
E-101932,7.4,4,1
E-101952,7.5,4,1
E-102001,7.6,4,1
E-102031,7.7,4,1
E-102046,7.8,4,1
E-102075,7.9,4,1
E-102117,8,4,1
E-102159,8.1,4,1
E-102183,8.2,4,1
E-102213,8.3,4,1
E-102233,8.4,4,1
E-102265,8.5,4,1
E-102288,8.6,4,1
E-102330,8.7,4,1
E-102364,8.8,4,1
E-102396,8.9,4,1
E-102424,9,4,1
E-102433,9.1,4,1
E-102490,9.2,4,1
E-102505,9.3,4,1
E-102537,9.4,4,1
E-102565,9.5,4,1
E-102592,9.6,4,1
E-102628,9.7,4,1
E-102656,9.8,4,1
E-102675,9.9,4,1
E-102704,10,4,1
E-102740,10.1,4,1
E-102778,10.2,4,1
E-102804,10.3,4,1
E-102837,10.4,4,1
E-102861,10.5,4,1
E-102890,10.6,4,1
E-102911,10.7,4,1
E-102968,10.8,4,1
E-102993,10.9,4,1
E-103027,11,4,1
E-103034,11.1,4,1
E-103067,11.2,4,1
E-103110,11.3,4,1
E-103122,11.4,4,1
E-103159,11.5,4,1
E-103207,11.6,4,1
E-103227,11.7,4,1
E-103256,11.8,4,1
E-103274,11.9,4,1
E-103303,12,4,1
E-100017,1,1,1
E-100035,1.1,1,1
E-100064,1.2,1,1
E-100091,1.3,1,1
E-100142,1.4,1,1
E-100164,1.5,1,1
E-100181,1.6,1,1
E-100219,1.7,1,1
E-100250,1.8,1,1
E-100299,1.9,1,1
E-100310,2,1,1
E-100341,2.1,1,1
E-100373,2.2,1,1
E-100408,2.3,1,1
E-100450,2.4,1,1
E-100452,2.5,1,1
E-100484,2.6,1,1
E-100539,2.7,1,1
E-100554,2.8,1,1
E-100576,2.9,1,1
E-100616,3,1,1
E-100649,3.1,1,1
E-100684,3.2,1,1
E-100693,3.3,1,1
E-100726,3.4,1,1
E-100759,3.5,1,1
E-100796,3.6,1,1
E-100820,3.7,1,1
E-100857,3.8,1,1
E-100881,3.9,1,1
E-100901,4,1,1
E-100952,4.1,1,1
E-100990,4.2,1,1
E-101012,4.3,1,1
E-101030,4.4,1,1
E-101061,4.5,1,1
E-101103,4.6,1,1
E-101116,4.7,1,1
E-101157,4.8,1,1
E-101199,4.9,1,1
E-101228,5,1,1
E-101240,5.1,1,1
E-101284,5.2,1,1
E-101296,5.3,1,1
E-101325,5.4,1,1
E-101366,5.5,1,1
E-101407,5.6,1,1
E-101413,5.7,1,1
E-101443,5.8,1,1
E-101495,5.9,1,1
E-101512,6,1,1
E-101560,6.1,1,1
E-101577,6.2,1,1
E-101604,6.3,1,1
E-101633,6.4,1,1
E-101665,6.5,1,1
E-101703,6.6,1,1
E-101711,6.7,1,1
E-101757,6.8,1,1
E-101778,6.9,1,1
E-101816,7,1,1
E-101848,7.1,1,1
E-101887,7.2,1,1
E-101893,7.3,1,1
E-101950,7.4,1,1
E-101967,7.5,1,1
E-102005,7.6,1,1
E-102022,7.7,1,1
E-102053,7.8,1,1
E-102087,7.9,1,1
E-102106,8,1,1
E-102144,8.1,1,1
E-102179,8.2,1,1
E-102210,8.3,1,1
E-102231,8.4,1,1
E-102280,8.5,1,1
E-102309,8.6,1,1
E-102314,8.7,1,1
E-102351,8.8,1,1
E-102373,8.9,1,1
E-102422,9,1,1
E-102459,9.1,1,1
E-102467,9.2,1,1
E-102501,9.3,1,1
E-102533,9.4,1,1
E-102567,9.5,1,1
E-102583,9.6,1,1
E-102639,9.7,1,1
E-102650,9.8,1,1
E-102676,9.9,1,1
E-102706,10,1,1
E-102739,10.1,1,1
E-102785,10.2,1,1
E-102808,10.3,1,1
E-102844,10.4,1,1
E-102862,10.5,1,1
E-102893,10.6,1,1
E-102928,10.7,1,1
E-102959,10.8,1,1
E-102998,10.9,1,1
E-103026,11,1,1
E-103038,11.1,1,1
E-103087,11.2,1,1
E-103114,11.3,1,1
E-103140,11.4,1,1
E-103166,11.5,1,1
E-103190,11.6,1,1
E-103228,11.7,1,1
E-103242,11.8,1,1
E-103280,11.9,1,1
E-103302,12,1,1
E-100029,1,4,2
E-100060,1.1,4,2
E-100074,1.2,4,2
E-100112,1.3,4,2
E-100139,1.4,4,2
E-100154,1.5,4,2
E-100203,1.6,4,2
E-100215,1.7,4,2
E-100260,1.8,4,2
E-100287,1.9,4,2
E-100317,2,4,2
E-100356,2.1,4,2
E-100370,2.2,4,2
E-100396,2.3,4,2
E-100434,2.4,4,2
E-100478,2.5,4,2
E-100506,2.6,4,2
E-100533,2.7,4,2
E-100567,2.8,4,2
E-100583,2.9,4,2
E-100630,3,4,2
E-100660,3.1,4,2
E-100688,3.2,4,2
E-100708,3.3,4,2
E-100749,3.4,4,2
E-100753,3.5,4,2
E-100809,3.6,4,2
E-100822,3.7,4,2
E-100867,3.8,4,2
E-100890,3.9,4,2
E-100927,4,4,2
E-100958,4.1,4,2
E-100989,4.2,4,2
E-101009,4.3,4,2
E-101035,4.4,4,2
E-101074,4.5,4,2
E-101092,4.6,4,2
E-101132,4.7,4,2
E-101153,4.8,4,2
E-101194,4.9,4,2
E-101207,5,4,2
E-101249,5.1,4,2
E-101290,5.2,4,2
E-101314,5.3,4,2
E-101346,5.4,4,2
E-101374,5.5,4,2
E-101386,5.6,4,2
E-101416,5.7,4,2
E-101468,5.8,4,2
E-101500,5.9,4,2
E-101525,6,4,2
E-101549,6.1,4,2
E-101588,6.2,4,2
E-101599,6.3,4,2
E-101646,6.4,4,2
E-101660,6.5,4,2
E-101698,6.6,4,2
E-101716,6.7,4,2
E-101753,6.8,4,2
E-101777,6.9,4,2
E-101807,7,4,2
E-101837,7.1,4,2
E-101881,7.2,4,2
E-101900,7.3,4,2
E-101922,7.4,4,2
E-101953,7.5,4,2
E-101994,7.6,4,2
E-102033,7.7,4,2
E-102043,7.8,4,2
E-102085,7.9,4,2
E-102110,8,4,2
E-102140,8.1,4,2
E-102164,8.2,4,2
E-102201,8.3,4,2
E-102246,8.4,4,2
E-102272,8.5,4,2
E-102305,8.6,4,2
E-102335,8.7,4,2
E-102350,8.8,4,2
E-102398,8.9,4,2
E-102418,9,4,2
E-102457,9.1,4,2
E-102466,9.2,4,2
E-102491,9.3,4,2
E-102529,9.4,4,2
E-102579,9.5,4,2
E-102608,9.6,4,2
E-102621,9.7,4,2
E-102658,9.8,4,2
E-102680,9.9,4,2
E-102705,10,4,2
E-102758,10.1,4,2
E-102767,10.2,4,2
E-102792,10.3,4,2
E-102822,10.4,4,2
E-102879,10.5,4,2
E-102889,10.6,4,2
E-102938,10.7,4,2
E-102948,10.8,4,2
E-102980,10.9,4,2
E-103021,11,4,2
E-103052,11.1,4,2
E-103068,11.2,4,2
E-103113,11.3,4,2
E-103136,11.4,4,2
E-103179,11.5,4,2
E-103181,11.6,4,2
E-103229,11.7,4,2
E-103246,11.8,4,2
E-103294,11.9,4,2
E-103301,12,4,2
E-100001,1,6,2
E-100031,1.1,6,2
E-100067,1.2,6,2
E-100094,1.3,6,2
E-100137,1.4,6,2
E-100180,1.5,6,2
E-100190,1.6,6,2
E-100239,1.7,6,2
E-100253,1.8,6,2
E-100295,1.9,6,2
E-100329,2,6,2
E-100335,2.1,6,2
E-100387,2.2,6,2
E-100413,2.3,6,2
E-100446,2.4,6,2
E-100463,2.5,6,2
E-100485,2.6,6,2
E-100526,2.7,6,2
E-100560,2.8,6,2
E-100585,2.9,6,2
E-100601,3,6,2
E-100631,3.1,6,2
E-100683,3.2,6,2
E-100695,3.3,6,2
E-100729,3.4,6,2
E-100762,3.5,6,2
E-100785,3.6,6,2
E-100813,3.7,6,2
E-100862,3.8,6,2
E-100886,3.9,6,2
E-100902,4,6,2
E-100941,4.1,6,2
E-100964,4.2,6,2
E-101016,4.3,6,2
E-101024,4.4,6,2
E-101056,4.5,6,2
E-101109,4.6,6,2
E-101135,4.7,6,2
E-101148,4.8,6,2
E-101179,4.9,6,2
E-101223,5,6,2
E-101239,5.1,6,2
E-101286,5.2,6,2
E-101309,5.3,6,2
E-101321,5.4,6,2
E-101368,5.5,6,2
E-101400,5.6,6,2
E-101411,5.7,6,2
E-101454,5.8,6,2
E-101490,5.9,6,2
E-101502,6,6,2
E-101553,6.1,6,2
E-101582,6.2,6,2
E-101619,6.3,6,2
E-101644,6.4,6,2
E-101680,6.5,6,2
E-101697,6.6,6,2
E-101723,6.7,6,2
E-101749,6.8,6,2
E-101799,6.9,6,2
E-101821,7,6,2
E-101857,7.1,6,2
E-101866,7.2,6,2
E-101907,7.3,6,2
E-101946,7.4,6,2
E-101979,7.5,6,2
E-102007,7.6,6,2
E-102036,7.7,6,2
E-102055,7.8,6,2
E-102089,7.9,6,2
E-102101,8,6,2
E-102143,8.1,6,2
E-102162,8.2,6,2
E-102206,8.3,6,2
E-102245,8.4,6,2
E-102263,8.5,6,2
E-102298,8.6,6,2
E-102316,8.7,6,2
E-102349,8.8,6,2
E-102392,8.9,6,2
E-102423,9,6,2
E-102444,9.1,6,2
E-102485,9.2,6,2
E-102495,9.3,6,2
E-102547,9.4,6,2
E-102577,9.5,6,2
E-102600,9.6,6,2
E-102611,9.7,6,2
E-102660,9.8,6,2
E-102689,9.9,6,2
E-102707,10,6,2
E-102742,10.1,6,2
E-102763,10.2,6,2
E-102812,10.3,6,2
E-102841,10.4,6,2
E-102863,10.5,6,2
E-102903,10.6,6,2
E-102925,10.7,6,2
E-102967,10.8,6,2
E-102972,10.9,6,2
E-103006,11,6,2
E-103039,11.1,6,2
E-103064,11.2,6,2
E-103093,11.3,6,2
E-103129,11.4,6,2
E-103175,11.5,6,2
E-103198,11.6,6,2
E-103218,11.7,6,2
E-103244,11.8,6,2
E-103277,11.9,6,2
E-103304,12,6,2
E-100002,1,7,2
E-100059,1.1,7,2
E-100066,1.2,7,2
E-100106,1.3,7,2
E-100149,1.4,7,2
E-100174,1.5,7,2
E-100204,1.6,7,2
E-100217,1.7,7,2
E-100243,1.8,7,2
E-100277,1.9,7,2
E-100304,2,7,2
E-100344,2.1,7,2
E-100386,2.2,7,2
E-100391,2.3,7,2
E-100423,2.4,7,2
E-100467,2.5,7,2
E-100510,2.6,7,2
E-100531,2.7,7,2
E-100562,2.8,7,2
E-100587,2.9,7,2
E-100614,3,7,2
E-100655,3.1,7,2
E-100671,3.2,7,2
E-100699,3.3,7,2
E-100727,3.4,7,2
E-100765,3.5,7,2
E-100794,3.6,7,2
E-100833,3.7,7,2
E-100856,3.8,7,2
E-100876,3.9,7,2
E-100904,4,7,2
E-100935,4.1,7,2
E-100979,4.2,7,2
E-101006,4.3,7,2
E-101047,4.4,7,2
E-101078,4.5,7,2
E-101107,4.6,7,2
E-101127,4.7,7,2
E-101150,4.8,7,2
E-101176,4.9,7,2
E-101226,5,7,2
E-101238,5.1,7,2
E-101267,5.2,7,2
E-101292,5.3,7,2
E-101340,5.4,7,2
E-101372,5.5,7,2
E-101392,5.6,7,2
E-101418,5.7,7,2
E-101452,5.8,7,2
E-101483,5.9,7,2
E-101530,6,7,2
E-101554,6.1,7,2
E-101565,6.2,7,2
E-101594,6.3,7,2
E-101624,6.4,7,2
E-101672,6.5,7,2
E-101701,6.6,7,2
E-101722,6.7,7,2
E-101755,6.8,7,2
E-101800,6.9,7,2
E-101811,7,7,2
E-101858,7.1,7,2
E-101867,7.2,7,2
E-101914,7.3,7,2
E-101929,7.4,7,2
E-101977,7.5,7,2
E-102000,7.6,7,2
E-102037,7.7,7,2
E-102066,7.8,7,2
E-102093,7.9,7,2
E-102118,8,7,2
E-102158,8.1,7,2
E-102184,8.2,7,2
E-102200,8.3,7,2
E-102240,8.4,7,2
E-102278,8.5,7,2
E-102289,8.6,7,2
E-102319,8.7,7,2
E-102359,8.8,7,2
E-102385,8.9,7,2
E-102425,9,7,2
E-102445,9.1,7,2
E-102472,9.2,7,2
E-102518,9.3,7,2
E-102523,9.4,7,2
E-102557,9.5,7,2
E-102603,9.6,7,2
E-102623,9.7,7,2
E-102653,9.8,7,2
E-102672,9.9,7,2
E-102722,10,7,2
E-102743,10.1,7,2
E-102783,10.2,7,2
E-102819,10.3,7,2
E-102825,10.4,7,2
E-102865,10.5,7,2
E-102892,10.6,7,2
E-102932,10.7,7,2
E-102961,10.8,7,2
E-102979,10.9,7,2
E-103001,11,7,2
E-103049,11.1,7,2
E-103077,11.2,7,2
E-103100,11.3,7,2
E-103147,11.4,7,2
E-103155,11.5,7,2
E-103205,11.6,7,2
E-103222,11.7,7,2
E-103257,11.8,7,2
E-103295,11.9,7,2
E-103307,12,7,2
E-100023,1,3,2
E-100039,1.1,3,2
E-100062,1.2,3,2
E-100113,1.3,3,2
E-100125,1.4,3,2
E-100152,1.5,3,2
E-100195,1.6,3,2
E-100229,1.7,3,2
E-100256,1.8,3,2
E-100288,1.9,3,2
E-100303,2,3,2
E-100338,2.1,3,2
E-100385,2.2,3,2
E-100394,2.3,3,2
E-100449,2.4,3,2
E-100474,2.5,3,2
E-100493,2.6,3,2
E-100511,2.7,3,2
E-100550,2.8,3,2
E-100599,2.9,3,2
E-100605,3,3,2
E-100646,3.1,3,2
E-100668,3.2,3,2
E-100718,3.3,3,2
E-100742,3.4,3,2
E-100767,3.5,3,2
E-100789,3.6,3,2
E-100838,3.7,3,2
E-100855,3.8,3,2
E-100895,3.9,3,2
E-100906,4,3,2
E-100933,4.1,3,2
E-100972,4.2,3,2
E-100995,4.3,3,2
E-101043,4.4,3,2
E-101070,4.5,3,2
E-101090,4.6,3,2
E-101111,4.7,3,2
E-101161,4.8,3,2
E-101192,4.9,3,2
E-101201,5,3,2
E-101241,5.1,3,2
E-101270,5.2,3,2
E-101320,5.3,3,2
E-101345,5.4,3,2
E-101359,5.5,3,2
E-101409,5.6,3,2
E-101417,5.7,3,2
E-101465,5.8,3,2
E-101488,5.9,3,2
E-101528,6,3,2
E-101555,6.1,3,2
E-101569,6.2,3,2
E-101595,6.3,3,2
E-101650,6.4,3,2
E-101655,6.5,3,2
E-101708,6.6,3,2
E-101712,6.7,3,2
E-101744,6.8,3,2
E-101793,6.9,3,2
E-101828,7,3,2
E-101840,7.1,3,2
E-101878,7.2,3,2
E-101910,7.3,3,2
E-101931,7.4,3,2
E-101957,7.5,3,2
E-101997,7.6,3,2
E-102016,7.7,3,2
E-102060,7.8,3,2
E-102086,7.9,3,2
E-102113,8,3,2
E-102141,8.1,3,2
E-102175,8.2,3,2
E-102192,8.3,3,2
E-102243,8.4,3,2
E-102274,8.5,3,2
E-102307,8.6,3,2
E-102326,8.7,3,2
E-102353,8.8,3,2
E-102395,8.9,3,2
E-102419,9,3,2
E-102446,9.1,3,2
E-102468,9.2,3,2
E-102503,9.3,3,2
E-102534,9.4,3,2
E-102564,9.5,3,2
E-102610,9.6,3,2
E-102618,9.7,3,2
E-102670,9.8,3,2
E-102682,9.9,3,2
E-102725,10,3,2
E-102756,10.1,3,2
E-102775,10.2,3,2
E-102817,10.3,3,2
E-102821,10.4,3,2
E-102874,10.5,3,2
E-102884,10.6,3,2
E-102931,10.7,3,2
E-102970,10.8,3,2
E-102982,10.9,3,2
E-103004,11,3,2
E-103060,11.1,3,2
E-103084,11.2,3,2
E-103116,11.3,3,2
E-103131,11.4,3,2
E-103165,11.5,3,2
E-103196,11.6,3,2
E-103230,11.7,3,2
E-103262,11.8,3,2
E-103300,11.9,3,2
E-103308,12,3,2
E-100030,1,2,2
E-100057,1.1,2,2
E-100065,1.2,2,2
E-100103,1.3,2,2
E-100140,1.4,2,2
E-100168,1.5,2,2
E-100189,1.6,2,2
E-100226,1.7,2,2
E-100245,1.8,2,2
E-100293,1.9,2,2
E-100324,2,2,2
E-100351,2.1,2,2
E-100374,2.2,2,2
E-100400,2.3,2,2
E-100422,2.4,2,2
E-100461,2.5,2,2
E-100491,2.6,2,2
E-100527,2.7,2,2
E-100559,2.8,2,2
E-100573,2.9,2,2
E-100602,3,2,2
E-100643,3.1,2,2
E-100686,3.2,2,2
E-100697,3.3,2,2
E-100740,3.4,2,2
E-100779,3.5,2,2
E-100798,3.6,2,2
E-100824,3.7,2,2
E-100859,3.8,2,2
E-100872,3.9,2,2
E-100921,4,2,2
E-100957,4.1,2,2
E-100977,4.2,2,2
E-100999,4.3,2,2
E-101027,4.4,2,2
E-101073,4.5,2,2
E-101081,4.6,2,2
E-101138,4.7,2,2
E-101143,4.8,2,2
E-101200,4.9,2,2
E-101206,5,2,2
E-101232,5.1,2,2
E-101266,5.2,2,2
E-101304,5.3,2,2
E-101343,5.4,2,2
E-101360,5.5,2,2
E-101404,5.6,2,2
E-101432,5.7,2,2
E-101444,5.8,2,2
E-101486,5.9,2,2
E-101510,6,2,2
E-101534,6.1,2,2
E-101564,6.2,2,2
E-101603,6.3,2,2
E-101627,6.4,2,2
E-101664,6.5,2,2
E-101694,6.6,2,2
E-101728,6.7,2,2
E-101764,6.8,2,2
E-101775,6.9,2,2
E-101801,7,2,2
E-101835,7.1,2,2
E-101873,7.2,2,2
E-101919,7.3,2,2
E-101941,7.4,2,2
E-101978,7.5,2,2
E-101995,7.6,2,2
E-102024,7.7,2,2
E-102068,7.8,2,2
E-102071,7.9,2,2
E-102107,8,2,2
E-102149,8.1,2,2
E-102171,8.2,2,2
E-102209,8.3,2,2
E-102222,8.4,2,2
E-102266,8.5,2,2
E-102293,8.6,2,2
E-102339,8.7,2,2
E-102355,8.8,2,2
E-102388,8.9,2,2
E-102402,9,2,2
E-102456,9.1,2,2
E-102484,9.2,2,2
E-102504,9.3,2,2
E-102531,9.4,2,2
E-102553,9.5,2,2
E-102581,9.6,2,2
E-102613,9.7,2,2
E-102664,9.8,2,2
E-102688,9.9,2,2
E-102724,10,2,2
E-102759,10.1,2,2
E-102762,10.2,2,2
E-102793,10.3,2,2
E-102831,10.4,2,2
E-102859,10.5,2,2
E-102887,10.6,2,2
E-102920,10.7,2,2
E-102946,10.8,2,2
E-102995,10.9,2,2
E-103024,11,2,2
E-103051,11.1,2,2
E-103070,11.2,2,2
E-103099,11.3,2,2
E-103126,11.4,2,2
E-103163,11.5,2,2
E-103192,11.6,2,2
E-103214,11.7,2,2
E-103245,11.8,2,2
E-103284,11.9,2,2
E-103311,12,2,2
E-100018,1,1,2
E-100043,1.1,1,2
E-100078,1.2,1,2
E-100116,1.3,1,2
E-100122,1.4,1,2
E-100165,1.5,1,2
E-100208,1.6,1,2
E-100236,1.7,1,2
E-100262,1.8,1,2
E-100297,1.9,1,2
E-100308,2,1,2
E-100333,2.1,1,2
E-100369,2.2,1,2
E-100406,2.3,1,2
E-100438,2.4,1,2
E-100479,2.5,1,2
E-100499,2.6,1,2
E-100538,2.7,1,2
E-100569,2.8,1,2
E-100591,2.9,1,2
E-100620,3,1,2
E-100658,3.1,1,2
E-100661,3.2,1,2
E-100696,3.3,1,2
E-100733,3.4,1,2
E-100764,3.5,1,2
E-100810,3.6,1,2
E-100817,3.7,1,2
E-100849,3.8,1,2
E-100896,3.9,1,2
E-100929,4,1,2
E-100947,4.1,1,2
E-100984,4.2,1,2
E-101017,4.3,1,2
E-101048,4.4,1,2
E-101076,4.5,1,2
E-101093,4.6,1,2
E-101139,4.7,1,2
E-101151,4.8,1,2
E-101190,4.9,1,2
E-101230,5,1,2
E-101242,5.1,1,2
E-101275,5.2,1,2
E-101299,5.3,1,2
E-101347,5.4,1,2
E-101377,5.5,1,2
E-101401,5.6,1,2
E-101427,5.7,1,2
E-101459,5.8,1,2
E-101472,5.9,1,2
E-101520,6,1,2
E-101557,6.1,1,2
E-101573,6.2,1,2
E-101592,6.3,1,2
E-101636,6.4,1,2
E-101666,6.5,1,2
E-101690,6.6,1,2
E-101735,6.7,1,2
E-101750,6.8,1,2
E-101789,6.9,1,2
E-101823,7,1,2
E-101860,7.1,1,2
E-101865,7.2,1,2
E-101905,7.3,1,2
E-101942,7.4,1,2
E-101951,7.5,1,2
E-102003,7.6,1,2
E-102015,7.7,1,2
E-102048,7.8,1,2
E-102091,7.9,1,2
E-102104,8,1,2
E-102153,8.1,1,2
E-102185,8.2,1,2
E-102219,8.3,1,2
E-102238,8.4,1,2
E-102261,8.5,1,2
E-102302,8.6,1,2
E-102317,8.7,1,2
E-102358,8.8,1,2
E-102393,8.9,1,2
E-102416,9,1,2
E-102458,9.1,1,2
E-102475,9.2,1,2
E-102492,9.3,1,2
E-102522,9.4,1,2
E-102573,9.5,1,2
E-102589,9.6,1,2
E-102640,9.7,1,2
E-102644,9.8,1,2
E-102686,9.9,1,2
E-102701,10,1,2
E-102744,10.1,1,2
E-102787,10.2,1,2
E-102795,10.3,1,2
E-102850,10.4,1,2
E-102871,10.5,1,2
E-102909,10.6,1,2
E-102912,10.7,1,2
E-102949,10.8,1,2
E-102974,10.9,1,2
E-103020,11,1,2
E-103048,11.1,1,2
E-103080,11.2,1,2
E-103102,11.3,1,2
E-103121,11.4,1,2
E-103176,11.5,1,2
E-103184,11.6,1,2
E-103231,11.7,1,2
E-103250,11.8,1,2
E-103281,11.9,1,2
E-103315,12,1,2
E-100007,1,10,2
E-100052,1.1,10,2
E-100081,1.2,10,2
E-100110,1.3,10,2
E-100135,1.4,10,2
E-100158,1.5,10,2
E-100198,1.6,10,2
E-100218,1.7,10,2
E-100270,1.8,10,2
E-100300,1.9,10,2
E-100307,2,10,2
E-100332,2.1,10,2
E-100366,2.2,10,2
E-100407,2.3,10,2
E-100440,2.4,10,2
E-100459,2.5,10,2
E-100489,2.6,10,2
E-100515,2.7,10,2
E-100552,2.8,10,2
E-100596,2.9,10,2
E-100618,3,10,2
E-100653,3.1,10,2
E-100676,3.2,10,2
E-100715,3.3,10,2
E-100745,3.4,10,2
E-100760,3.5,10,2
E-100790,3.6,10,2
E-100831,3.7,10,2
E-100863,3.8,10,2
E-100900,3.9,10,2
E-100920,4,10,2
E-100951,4.1,10,2
E-100988,4.2,10,2
E-100992,4.3,10,2
E-101049,4.4,10,2
E-101058,4.5,10,2
E-101084,4.6,10,2
E-101117,4.7,10,2
E-101145,4.8,10,2
E-101175,4.9,10,2
E-101202,5,10,2
E-101251,5.1,10,2
E-101289,5.2,10,2
E-101315,5.3,10,2
E-101334,5.4,10,2
E-101357,5.5,10,2
E-101393,5.6,10,2
E-101414,5.7,10,2
E-101448,5.8,10,2
E-101476,5.9,10,2
E-101524,6,10,2
E-101542,6.1,10,2
E-101586,6.2,10,2
E-101618,6.3,10,2
E-101623,6.4,10,2
E-101663,6.5,10,2
E-101693,6.6,10,2
E-101721,6.7,10,2
E-101759,6.8,10,2
E-101798,6.9,10,2
E-101819,7,10,2
E-101854,7.1,10,2
E-101872,7.2,10,2
E-101908,7.3,10,2
E-101948,7.4,10,2
E-101972,7.5,10,2
E-102008,7.6,10,2
E-102026,7.7,10,2
E-102069,7.8,10,2
E-102095,7.9,10,2
E-102126,8,10,2
E-102133,8.1,10,2
E-102172,8.2,10,2
E-102191,8.3,10,2
E-102236,8.4,10,2
E-102251,8.5,10,2
E-102284,8.6,10,2
E-102328,8.7,10,2
E-102365,8.8,10,2
E-102379,8.9,10,2
E-102405,9,10,2
E-102455,9.1,10,2
E-102477,9.2,10,2
E-102512,9.3,10,2
E-102526,9.4,10,2
E-102555,9.5,10,2
E-102590,9.6,10,2
E-102612,9.7,10,2
E-102663,9.8,10,2
E-102673,9.9,10,2
E-102728,10,10,2
E-102746,10.1,10,2
E-102761,10.2,10,2
E-102818,10.3,10,2
E-102839,10.4,10,2
E-102860,10.5,10,2
E-102881,10.6,10,2
E-102919,10.7,10,2
E-102954,10.8,10,2
E-102997,10.9,10,2
E-103018,11,10,2
E-103042,11.1,10,2
E-103081,11.2,10,2
E-103094,11.3,10,2
E-103143,11.4,10,2
E-103169,11.5,10,2
E-103203,11.6,10,2
E-103213,11.7,10,2
E-103261,11.8,10,2
E-103278,11.9,10,2
E-103318,12,10,2
E-100022,1,9,2
E-100048,1.1,9,2
E-100085,1.2,9,2
E-100107,1.3,9,2
E-100146,1.4,9,2
E-100153,1.5,9,2
E-100199,1.6,9,2
E-100233,1.7,9,2
E-100255,1.8,9,2
E-100276,1.9,9,2
E-100330,2,9,2
E-100359,2.1,9,2
E-100367,2.2,9,2
E-100399,2.3,9,2
E-100448,2.4,9,2
E-100480,2.5,9,2
E-100490,2.6,9,2
E-100530,2.7,9,2
E-100564,2.8,9,2
E-100582,2.9,9,2
E-100613,3,9,2
E-100635,3.1,9,2
E-100663,3.2,9,2
E-100719,3.3,9,2
E-100741,3.4,9,2
E-100754,3.5,9,2
E-100782,3.6,9,2
E-100823,3.7,9,2
E-100852,3.8,9,2
E-100874,3.9,9,2
E-100917,4,9,2
E-100932,4.1,9,2
E-100981,4.2,9,2
E-101018,4.3,9,2
E-101033,4.4,9,2
E-101062,4.5,9,2
E-101086,4.6,9,2
E-101128,4.7,9,2
E-101147,4.8,9,2
E-101173,4.9,9,2
E-101212,5,9,2
E-101257,5.1,9,2
E-101278,5.2,9,2
E-101316,5.3,9,2
E-101335,5.4,9,2
E-101367,5.5,9,2
E-101384,5.6,9,2
E-101440,5.7,9,2
E-101461,5.8,9,2
E-101480,5.9,9,2
E-101522,6,9,2
E-101558,6.1,9,2
E-101583,6.2,9,2
E-101593,6.3,9,2
E-101631,6.4,9,2
E-101669,6.5,9,2
E-101688,6.6,9,2
E-101730,6.7,9,2
E-101760,6.8,9,2
E-101785,6.9,9,2
E-101814,7,9,2
E-101836,7.1,9,2
E-101876,7.2,9,2
E-101918,7.3,9,2
E-101936,7.4,9,2
E-101971,7.5,9,2
E-101989,7.6,9,2
E-102040,7.7,9,2
E-102042,7.8,9,2
E-102088,7.9,9,2
E-102114,8,9,2
E-102136,8.1,9,2
E-102169,8.2,9,2
E-102204,8.3,9,2
E-102241,8.4,9,2
E-102269,8.5,9,2
E-102303,8.6,9,2
E-102338,8.7,9,2
E-102366,8.8,9,2
E-102384,8.9,9,2
E-102409,9,9,2
E-102441,9.1,9,2
E-102464,9.2,9,2
E-102494,9.3,9,2
E-102536,9.4,9,2
E-102566,9.5,9,2
E-102582,9.6,9,2
E-102624,9.7,9,2
E-102667,9.8,9,2
E-102671,9.9,9,2
E-102711,10,9,2
E-102754,10.1,9,2
E-102777,10.2,9,2
E-102813,10.3,9,2
E-102833,10.4,9,2
E-102868,10.5,9,2
E-102910,10.6,9,2
E-102924,10.7,9,2
E-102951,10.8,9,2
E-102971,10.9,9,2
E-103029,11,9,2
E-103040,11.1,9,2
E-103062,11.2,9,2
E-103095,11.3,9,2
E-103128,11.4,9,2
E-103167,11.5,9,2
E-103183,11.6,9,2
E-103224,11.7,9,2
E-103260,11.8,9,2
E-103298,11.9,9,2
E-103319,12,9,2
E-100013,1,5,2
E-100053,1.1,5,2
E-100069,1.2,5,2
E-100119,1.3,5,2
E-100145,1.4,5,2
E-100172,1.5,5,2
E-100186,1.6,5,2
E-100212,1.7,5,2
E-100261,1.8,5,2
E-100286,1.9,5,2
E-100314,2,5,2
E-100352,2.1,5,2
E-100361,2.2,5,2
E-100398,2.3,5,2
E-100441,2.4,5,2
E-100469,2.5,5,2
E-100496,2.6,5,2
E-100517,2.7,5,2
E-100551,2.8,5,2
E-100597,2.9,5,2
E-100603,3,5,2
E-100633,3.1,5,2
E-100685,3.2,5,2
E-100703,3.3,5,2
E-100723,3.4,5,2
E-100780,3.5,5,2
E-100802,3.6,5,2
E-100821,3.7,5,2
E-100846,3.8,5,2
E-100892,3.9,5,2
E-100916,4,5,2
E-100946,4.1,5,2
E-100986,4.2,5,2
E-100998,4.3,5,2
E-101046,4.4,5,2
E-101068,4.5,5,2
E-101085,4.6,5,2
E-101121,4.7,5,2
E-101142,4.8,5,2
E-101171,4.9,5,2
E-101221,5,5,2
E-101236,5.1,5,2
E-101268,5.2,5,2
E-101317,5.3,5,2
E-101332,5.4,5,2
E-101352,5.5,5,2
E-101383,5.6,5,2
E-101424,5.7,5,2
E-101442,5.8,5,2
E-101499,5.9,5,2
E-101521,6,5,2
E-101546,6.1,5,2
E-101590,6.2,5,2
E-101596,6.3,5,2
E-101635,6.4,5,2
E-101658,6.5,5,2
E-101709,6.6,5,2
E-101739,6.7,5,2
E-101745,6.8,5,2
E-101792,6.9,5,2
E-101806,7,5,2
E-101834,7.1,5,2
E-101882,7.2,5,2
E-101894,7.3,5,2
E-101945,7.4,5,2
E-101970,7.5,5,2
E-101981,7.6,5,2
E-102020,7.7,5,2
E-102051,7.8,5,2
E-102097,7.9,5,2
E-102121,8,5,2
E-102146,8.1,5,2
E-102174,8.2,5,2
E-102198,8.3,5,2
E-102227,8.4,5,2
E-102259,8.5,5,2
E-102291,8.6,5,2
E-102333,8.7,5,2
E-102348,8.8,5,2
E-102375,8.9,5,2
E-102404,9,5,2
E-102432,9.1,5,2
E-102462,9.2,5,2
E-102497,9.3,5,2
E-102524,9.4,5,2
E-102551,9.5,5,2
E-102601,9.6,5,2
E-102614,9.7,5,2
E-102662,9.8,5,2
E-102674,9.9,5,2
E-102727,10,5,2
E-102738,10.1,5,2
E-102771,10.2,5,2
E-102802,10.3,5,2
E-102832,10.4,5,2
E-102856,10.5,5,2
E-102891,10.6,5,2
E-102923,10.7,5,2
E-102952,10.8,5,2
E-102986,10.9,5,2
E-103008,11,5,2
E-103032,11.1,5,2
E-103066,11.2,5,2
E-103118,11.3,5,2
E-103135,11.4,5,2
E-103152,11.5,5,2
E-103188,11.6,5,2
E-103232,11.7,5,2
E-103269,11.8,5,2
E-103288,11.9,5,2
E-103325,12,5,2
E-100019,1,8,2
E-100056,1.1,8,2
E-100084,1.2,8,2
E-100108,1.3,8,2
E-100136,1.4,8,2
E-100178,1.5,8,2
E-100196,1.6,8,2
E-100238,1.7,8,2
E-100267,1.8,8,2
E-100280,1.9,8,2
E-100321,2,8,2
E-100334,2.1,8,2
E-100365,2.2,8,2
E-100403,2.3,8,2
E-100437,2.4,8,2
E-100460,2.5,8,2
E-100502,2.6,8,2
E-100524,2.7,8,2
E-100561,2.8,8,2
E-100589,2.9,8,2
E-100612,3,8,2
E-100640,3.1,8,2
E-100678,3.2,8,2
E-100720,3.3,8,2
E-100721,3.4,8,2
E-100775,3.5,8,2
E-100807,3.6,8,2
E-100827,3.7,8,2
E-100844,3.8,8,2
E-100898,3.9,8,2
E-100912,4,8,2
E-100949,4.1,8,2
E-100980,4.2,8,2
E-101004,4.3,8,2
E-101025,4.4,8,2
E-101075,4.5,8,2
E-101100,4.6,8,2
E-101122,4.7,8,2
E-101149,4.8,8,2
E-101191,4.9,8,2
E-101218,5,8,2
E-101253,5.1,8,2
E-101282,5.2,8,2
E-101307,5.3,8,2
E-101333,5.4,8,2
E-101356,5.5,8,2
E-101396,5.6,8,2
E-101428,5.7,8,2
E-101466,5.8,8,2
E-101496,5.9,8,2
E-101518,6,8,2
E-101548,6.1,8,2
E-101562,6.2,8,2
E-101598,6.3,8,2
E-101626,6.4,8,2
E-101662,6.5,8,2
E-101695,6.6,8,2
E-101740,6.7,8,2
E-101770,6.8,8,2
E-101776,6.9,8,2
E-101808,7,8,2
E-101853,7.1,8,2
E-101886,7.2,8,2
E-101896,7.3,8,2
E-101934,7.4,8,2
E-101955,7.5,8,2
E-101983,7.6,8,2
E-102027,7.7,8,2
E-102045,7.8,8,2
E-102074,7.9,8,2
E-102116,8,8,2
E-102155,8.1,8,2
E-102177,8.2,8,2
E-102218,8.3,8,2
E-102235,8.4,8,2
E-102262,8.5,8,2
E-102286,8.6,8,2
E-102336,8.7,8,2
E-102352,8.8,8,2
E-102389,8.9,8,2
E-102412,9,8,2
E-102436,9.1,8,2
E-102482,9.2,8,2
E-102510,9.3,8,2
E-102542,9.4,8,2
E-102561,9.5,8,2
E-102584,9.6,8,2
E-102638,9.7,8,2
E-102654,9.8,8,2
E-102695,9.9,8,2
E-102721,10,8,2
E-102755,10.1,8,2
E-102788,10.2,8,2
E-102800,10.3,8,2
E-102840,10.4,8,2
E-102876,10.5,8,2
E-102907,10.6,8,2
E-102934,10.7,8,2
E-102963,10.8,8,2
E-102973,10.9,8,2
E-103016,11,8,2
E-103036,11.1,8,2
E-103074,11.2,8,2
E-103105,11.3,8,2
E-103139,11.4,8,2
E-103153,11.5,8,2
E-103204,11.6,8,2
E-103225,11.7,8,2
E-103258,11.8,8,2
E-103285,11.9,8,2
E-103330,12,8,2
